{
  "ConceptSets": [
    {
      "id": 1,
      "name": "STEMI Concept Set",
      "expression": {
        "items": [
          {
            "concept": {
              "CONCEPT_CLASS_ID": "Clinical Finding",
              "CONCEPT_CODE": "401303003",
              "CONCEPT_ID": 4296653,
              "CONCEPT_NAME": "Acute ST segment elevation myocardial infarction",
              "DOMAIN_ID": "Condition",
              "INVALID_REASON": "V",
              "INVALID_REASON_CAPTION": "Valid",
              "STANDARD_CONCEPT": "S",
              "STANDARD_CONCEPT_CAPTION": "Standard",
              "VOCABULARY_ID": "SNOMED"
            },
            "includeDescendants": true
          },
          {
            "concept": {
              "CONCEPT_CLASS_ID": "Clinical Finding",
              "CONCEPT_CODE": "846683001",
              "CONCEPT_ID": 3655133,
              "CONCEPT_NAME": "Acute ST segment elevation myocardial infarction due to occlusion of intermediate artery",
              "DOMAIN_ID": "Condition",
              "INVALID_REASON": "V",
              "INVALID_REASON_CAPTION": "Valid",
              "STANDARD_CONCEPT": "S",
              "STANDARD_CONCEPT_CAPTION": "Standard",
              "VOCABULARY_ID": "SNOMED"
            },
            "includeDescendants": true
          }
        ]
      }
    },
    {
      "id": 2,
      "name": "Troponin Measurements",
      "expression": {
        "items": [
          {
            "concept": {
              "CONCEPT_CLASS_ID": "Lab Test",
              "CONCEPT_CODE": "89575-5",
              "CONCEPT_ID": 36304662,
              "CONCEPT_NAME": "Troponin T.cardiac [Interpretation] in Serum or Plasma Qualitative by High sensitivity method",
              "DOMAIN_ID": "Measurement",
              "INVALID_REASON": "V",
              "INVALID_REASON_CAPTION": "Valid",
              "STANDARD_CONCEPT": "S",
              "STANDARD_CONCEPT_CAPTION": "Standard",
              "VOCABULARY_ID": "LOINC"
            }
          },
          {
            "concept": {
              "CONCEPT_CLASS_ID": "Procedure",
              "CONCEPT_CODE": "313616005",
              "CONCEPT_ID": 4209251,
              "CONCEPT_NAME": "Serum troponin I measurement",
              "DOMAIN_ID": "Measurement",
              "INVALID_REASON": "V",
              "INVALID_REASON_CAPTION": "Valid",
              "STANDARD_CONCEPT": "S",
              "STANDARD_CONCEPT_CAPTION": "Standard",
              "VOCABULARY_ID": "SNOMED"
            }
          },
          {
            "concept": {
              "CONCEPT_CLASS_ID": "Procedure",
              "CONCEPT_CODE": "121870001",
              "CONCEPT_ID": 4007805,
              "CONCEPT_NAME": "Troponin I measurement",
              "DOMAIN_ID": "Measurement",
              "INVALID_REASON": "V",
              "INVALID_REASON_CAPTION": "Valid",
              "STANDARD_CONCEPT": "S",
              "STANDARD_CONCEPT_CAPTION": "Standard",
              "VOCABULARY_ID": "SNOMED"
            }
          },
          {
            "concept": {
              "CONCEPT_CLASS_ID": "Observable Entity",
              "CONCEPT_CODE": "1015261000000102",
              "CONCEPT_ID": 37393304,
              "CONCEPT_NAME": "Serum troponin T level",
              "DOMAIN_ID": "Measurement",
              "INVALID_REASON": "V",
              "INVALID_REASON_CAPTION": "Valid",
              "STANDARD_CONCEPT": "S",
              "STANDARD_CONCEPT_CAPTION": "Standard",
              "VOCABULARY_ID": "SNOMED"
            }
          },
          {
            "concept": {
              "CONCEPT_CLASS_ID": "Read",
              "CONCEPT_CODE": "4Q3L.00",
              "CONCEPT_ID": 45492135,
              "CONCEPT_NAME": "High sensitivity cardiac troponin T level",
              "DOMAIN_ID": "Measurement",
              "INVALID_REASON": "V",
              "INVALID_REASON_CAPTION": "Valid",
              "STANDARD_CONCEPT": "N",
              "STANDARD_CONCEPT_CAPTION": "Non-Standard",
              "VOCABULARY_ID": "Read"
            }
          },
          {
            "concept": {
              "CONCEPT_CLASS_ID": "Procedure",
              "CONCEPT_CODE": "313724009",
              "CONCEPT_ID": 3451471,
              "CONCEPT_NAME": "Plasma troponin I measurement",
              "DOMAIN_ID": "Measurement",
              "INVALID_REASON": "V",
              "INVALID_REASON_CAPTION": "Valid",
              "STANDARD_CONCEPT": "N",
              "STANDARD_CONCEPT_CAPTION": "Non-Standard",
              "VOCABULARY_ID": "Nebraska Lexicon"
            }
          },
          {
            "concept": {
              "CONCEPT_CLASS_ID": "Observable Entity",
              "CONCEPT_CODE": "1106461000000104",
              "CONCEPT_ID": 37208543,
              "CONCEPT_NAME": "Cardiac troponin I mass concentration in plasma",
              "DOMAIN_ID": "Measurement",
              "INVALID_REASON": "V",
              "INVALID_REASON_CAPTION": "Valid",
              "STANDARD_CONCEPT": "S",
              "STANDARD_CONCEPT_CAPTION": "Standard",
              "VOCABULARY_ID": "SNOMED"
            }
          },
          {
            "concept": {
              "CONCEPT_CLASS_ID": "Observable Entity",
              "CONCEPT_CODE": "1106481000000108",
              "CONCEPT_ID": 37208545,
              "CONCEPT_NAME": "Cardiac troponin I mass concentration in serum by high sensitivity technique",
              "DOMAIN_ID": "Measurement",
              "INVALID_REASON": "V",
              "INVALID_REASON_CAPTION": "Valid",
              "STANDARD_CONCEPT": "S",
              "STANDARD_CONCEPT_CAPTION": "Standard",
              "VOCABULARY_ID": "SNOMED"
            }
          },
          {
            "concept": {
              "CONCEPT_CLASS_ID": "Procedure",
              "CONCEPT_CODE": "314068007",
              "CONCEPT_ID": 3437011,
              "CONCEPT_NAME": "Plasma troponin T measurement",
              "DOMAIN_ID": "Measurement",
              "INVALID_REASON": "V",
              "INVALID_REASON_CAPTION": "Valid",
              "STANDARD_CONCEPT": "N",
              "STANDARD_CONCEPT_CAPTION": "Non-Standard",
              "VOCABULARY_ID": "Nebraska Lexicon"
            }
          },
          {
            "concept": {
              "CONCEPT_CLASS_ID": "LOINC Hierarchy",
              "CONCEPT_CODE": "LP385943-8",
              "CONCEPT_ID": 37076644,
              "CONCEPT_NAME": "Troponin I.cardiac | Serum, Plasma or Blood | Chemistry - non-challenge",
              "DOMAIN_ID": "Measurement",
              "INVALID_REASON": "V",
              "INVALID_REASON_CAPTION": "Valid",
              "STANDARD_CONCEPT": "C",
              "STANDARD_CONCEPT_CAPTION": "Classification",
              "VOCABULARY_ID": "LOINC"
            }
          },
          {
            "concept": {
              "CONCEPT_CLASS_ID": "Procedure",
              "CONCEPT_CODE": "166794009",
              "CONCEPT_ID": 3450381,
              "CONCEPT_NAME": "Serum troponin T measurement",
              "DOMAIN_ID": "Measurement",
              "INVALID_REASON": "V",
              "INVALID_REASON_CAPTION": "Valid",
              "STANDARD_CONCEPT": "N",
              "STANDARD_CONCEPT_CAPTION": "Non-Standard",
              "VOCABULARY_ID": "Nebraska Lexicon"
            }
          },
          {
            "concept": {
              "CONCEPT_CLASS_ID": "Lab Test",
              "CONCEPT_CODE": "89578-9",
              "CONCEPT_ID": 36304114,
              "CONCEPT_NAME": "Troponin I.cardiac [Interpretation] in Serum or Plasma Qualitative by High sensitivity method",
              "DOMAIN_ID": "Measurement",
              "INVALID_REASON": "V",
              "INVALID_REASON_CAPTION": "Valid",
              "STANDARD_CONCEPT": "S",
              "STANDARD_CONCEPT_CAPTION": "Standard",
              "VOCABULARY_ID": "LOINC"
            }
          },
          {
            "concept": {
              "CONCEPT_CLASS_ID": "Clinical Observation",
              "CONCEPT_CODE": "89581-3",
              "CONCEPT_ID": 36306083,
              "CONCEPT_NAME": "Laboratory device 99th percentile URL",
              "DOMAIN_ID": "Measurement",
              "INVALID_REASON": "V",
              "INVALID_REASON_CAPTION": "Valid",
              "STANDARD_CONCEPT": "S",
              "STANDARD_CONCEPT_CAPTION": "Standard",
              "VOCABULARY_ID": "LOINC"
            },
            "isExcluded": true
          },
          {
            "concept": {
              "CONCEPT_CLASS_ID": "CPT4",
              "CONCEPT_CODE": "84512",
              "CONCEPT_ID": 2212610,
              "CONCEPT_NAME": "Troponin, qualitative",
              "DOMAIN_ID": "Measurement",
              "INVALID_REASON": "V",
              "INVALID_REASON_CAPTION": "Valid",
              "STANDARD_CONCEPT": "S",
              "STANDARD_CONCEPT_CAPTION": "Standard",
              "VOCABULARY_ID": "CPT4"
            }
          },
          {
            "concept": {
              "CONCEPT_CLASS_ID": "Lab Test",
              "CONCEPT_CODE": "33204-9",
              "CONCEPT_ID": 3042837,
              "CONCEPT_NAME": "Troponin T.cardiac [Presence] in Serum or Plasma",
              "DOMAIN_ID": "Measurement",
              "INVALID_REASON": "V",
              "INVALID_REASON_CAPTION": "Valid",
              "STANDARD_CONCEPT": "S",
              "STANDARD_CONCEPT_CAPTION": "Standard",
              "VOCABULARY_ID": "LOINC"
            }
          },
          {
            "concept": {
              "CONCEPT_CLASS_ID": "Lab Test",
              "CONCEPT_CODE": "67151-1",
              "CONCEPT_ID": 40769783,
              "CONCEPT_NAME": "Troponin T.cardiac [Mass/volume] in Serum or Plasma by High sensitivity method",
              "DOMAIN_ID": "Measurement",
              "INVALID_REASON": "V",
              "INVALID_REASON_CAPTION": "Valid",
              "STANDARD_CONCEPT": "S",
              "STANDARD_CONCEPT_CAPTION": "Standard",
              "VOCABULARY_ID": "LOINC"
            }
          },
          {
            "concept": {
              "CONCEPT_CLASS_ID": "LOINC Hierarchy",
              "CONCEPT_CODE": "LP385942-0",
              "CONCEPT_ID": 37063873,
              "CONCEPT_NAME": "Troponin I.cardiac | Serum or Plasma | Chemistry - non-challenge",
              "DOMAIN_ID": "Measurement",
              "INVALID_REASON": "V",
              "INVALID_REASON_CAPTION": "Valid",
              "STANDARD_CONCEPT": "C",
              "STANDARD_CONCEPT_CAPTION": "Classification",
              "VOCABULARY_ID": "LOINC"
            }
          },
          {
            "concept": {
              "CONCEPT_CLASS_ID": "Procedure",
              "CONCEPT_CODE": "784261000000103",
              "CONCEPT_ID": 44805124,
              "CONCEPT_NAME": "High sensitivity cardiac troponin T measurement",
              "DOMAIN_ID": "Measurement",
              "INVALID_REASON": "V",
              "INVALID_REASON_CAPTION": "Valid",
              "STANDARD_CONCEPT": "S",
              "STANDARD_CONCEPT_CAPTION": "Standard",
              "VOCABULARY_ID": "SNOMED"
            }
          },
          {
            "concept": {
              "CONCEPT_CLASS_ID": "Lab Test",
              "CONCEPT_CODE": "10839-9",
              "CONCEPT_ID": 3021337,
              "CONCEPT_NAME": "Troponin I.cardiac [Mass/volume] in Serum or Plasma",
              "DOMAIN_ID": "Measurement",
              "INVALID_REASON": "V",
              "INVALID_REASON_CAPTION": "Valid",
              "STANDARD_CONCEPT": "S",
              "STANDARD_CONCEPT_CAPTION": "Standard",
              "VOCABULARY_ID": "LOINC"
            }
          },
          {
            "concept": {
              "CONCEPT_CLASS_ID": "Observable Entity",
              "CONCEPT_CODE": "1106471000000106",
              "CONCEPT_ID": 37208544,
              "CONCEPT_NAME": "Cardiac troponin I mass concentration in serum",
              "DOMAIN_ID": "Measurement",
              "INVALID_REASON": "V",
              "INVALID_REASON_CAPTION": "Valid",
              "STANDARD_CONCEPT": "S",
              "STANDARD_CONCEPT_CAPTION": "Standard",
              "VOCABULARY_ID": "SNOMED"
            }
          },
          {
            "concept": {
              "CONCEPT_CLASS_ID": "LOINC Group",
              "CONCEPT_CODE": "LG433-9",
              "CONCEPT_ID": 40653873,
              "CONCEPT_NAME": "Troponin I.cardiac|MCnc|Pt|ANYBldSerPl",
              "DOMAIN_ID": "Measurement",
              "INVALID_REASON": "V",
              "INVALID_REASON_CAPTION": "Valid",
              "STANDARD_CONCEPT": "C",
              "STANDARD_CONCEPT_CAPTION": "Classification",
              "VOCABULARY_ID": "LOINC"
            }
          },
          {
            "concept": {
              "CONCEPT_CLASS_ID": "Procedure",
              "CONCEPT_CODE": "121870001",
              "CONCEPT_ID": 3441257,
              "CONCEPT_NAME": "Troponin I measurement",
              "DOMAIN_ID": "Measurement",
              "INVALID_REASON": "V",
              "INVALID_REASON_CAPTION": "Valid",
              "STANDARD_CONCEPT": "N",
              "STANDARD_CONCEPT_CAPTION": "Non-Standard",
              "VOCABULARY_ID": "Nebraska Lexicon"
            }
          },
          {
            "concept": {
              "CONCEPT_CLASS_ID": "LOINC Hierarchy",
              "CONCEPT_CODE": "LP385941-2",
              "CONCEPT_ID": 37072384,
              "CONCEPT_NAME": "Troponin I.cardiac | Blood | Chemistry - non-challenge",
              "DOMAIN_ID": "Measurement",
              "INVALID_REASON": "V",
              "INVALID_REASON_CAPTION": "Valid",
              "STANDARD_CONCEPT": "C",
              "STANDARD_CONCEPT_CAPTION": "Classification",
              "VOCABULARY_ID": "LOINC"
            }
          },
          {
            "concept": {
              "CONCEPT_CLASS_ID": "Read",
              "CONCEPT_CODE": "44MC.00",
              "CONCEPT_ID": 45461935,
              "CONCEPT_NAME": "Serum troponin T level",
              "DOMAIN_ID": "Measurement",
              "INVALID_REASON": "V",
              "INVALID_REASON_CAPTION": "Valid",
              "STANDARD_CONCEPT": "N",
              "STANDARD_CONCEPT_CAPTION": "Non-Standard",
              "VOCABULARY_ID": "Read"
            }
          },
          {
            "concept": {
              "CONCEPT_CLASS_ID": "Lab Test",
              "CONCEPT_CODE": "89577-1",
              "CONCEPT_ID": 36305612,
              "CONCEPT_NAME": "Troponin I.cardiac panel - Serum or Plasma by High sensitivity method",
              "DOMAIN_ID": "Measurement",
              "INVALID_REASON": "V",
              "INVALID_REASON_CAPTION": "Valid",
              "STANDARD_CONCEPT": "S",
              "STANDARD_CONCEPT_CAPTION": "Standard",
              "VOCABULARY_ID": "LOINC"
            }
          },
          {
            "concept": {
              "CONCEPT_CLASS_ID": "Clinical Observation",
              "CONCEPT_CODE": "87706-8",
              "CONCEPT_ID": 36304105,
              "CONCEPT_NAME": "Laboratory device Detection limit",
              "DOMAIN_ID": "Measurement",
              "INVALID_REASON": "V",
              "INVALID_REASON_CAPTION": "Valid",
              "STANDARD_CONCEPT": "S",
              "STANDARD_CONCEPT_CAPTION": "Standard",
              "VOCABULARY_ID": "LOINC"
            },
            "isExcluded": true
          },
          {
            "concept": {
              "CONCEPT_CLASS_ID": "Procedure",
              "CONCEPT_CODE": "313616005",
              "CONCEPT_ID": 3448781,
              "CONCEPT_NAME": "Serum troponin I measurement",
              "DOMAIN_ID": "Measurement",
              "INVALID_REASON": "V",
              "INVALID_REASON_CAPTION": "Valid",
              "STANDARD_CONCEPT": "N",
              "STANDARD_CONCEPT_CAPTION": "Non-Standard",
              "VOCABULARY_ID": "Nebraska Lexicon"
            }
          },
          {
            "concept": {
              "CONCEPT_CLASS_ID": "Clinical Observation",
              "CONCEPT_CODE": "89580-5",
              "CONCEPT_ID": 36304551,
              "CONCEPT_NAME": "Laboratory device Coefficient of variation at 99th percentile URL",
              "DOMAIN_ID": "Measurement",
              "INVALID_REASON": "V",
              "INVALID_REASON_CAPTION": "Valid",
              "STANDARD_CONCEPT": "S",
              "STANDARD_CONCEPT_CAPTION": "Standard",
              "VOCABULARY_ID": "LOINC"
            },
            "isExcluded": true
          },
          {
            "concept": {
              "CONCEPT_CLASS_ID": "Read",
              "CONCEPT_CODE": "44MH.00",
              "CONCEPT_ID": 45435276,
              "CONCEPT_NAME": "Plasma troponin T level",
              "DOMAIN_ID": "Measurement",
              "INVALID_REASON": "V",
              "INVALID_REASON_CAPTION": "Valid",
              "STANDARD_CONCEPT": "N",
              "STANDARD_CONCEPT_CAPTION": "Non-Standard",
              "VOCABULARY_ID": "Read"
            }
          },
          {
            "concept": {
              "CONCEPT_CLASS_ID": "Observable Entity",
              "CONCEPT_CODE": "1106491000000105",
              "CONCEPT_ID": 37208546,
              "CONCEPT_NAME": "Cardiac troponin T mass concentration in serum by high sensitivity technique",
              "DOMAIN_ID": "Measurement",
              "INVALID_REASON": "V",
              "INVALID_REASON_CAPTION": "Valid",
              "STANDARD_CONCEPT": "S",
              "STANDARD_CONCEPT_CAPTION": "Standard",
              "VOCABULARY_ID": "SNOMED"
            }
          },
          {
            "concept": {
              "CONCEPT_CLASS_ID": "Lab Test",
              "CONCEPT_CODE": "89579-7",
              "CONCEPT_ID": 36306105,
              "CONCEPT_NAME": "Troponin I.cardiac [Mass/volume] in Serum or Plasma by High sensitivity method",
              "DOMAIN_ID": "Measurement",
              "INVALID_REASON": "V",
              "INVALID_REASON_CAPTION": "Valid",
              "STANDARD_CONCEPT": "S",
              "STANDARD_CONCEPT_CAPTION": "Standard",
              "VOCABULARY_ID": "LOINC"
            }
          },
          {
            "concept": {
              "CONCEPT_CLASS_ID": "Observable Entity",
              "CONCEPT_CODE": "1001251000000101",
              "CONCEPT_ID": 37398480,
              "CONCEPT_NAME": "Plasma troponin I level",
              "DOMAIN_ID": "Measurement",
              "INVALID_REASON": "V",
              "INVALID_REASON_CAPTION": "Valid",
              "STANDARD_CONCEPT": "S",
              "STANDARD_CONCEPT_CAPTION": "Standard",
              "VOCABULARY_ID": "SNOMED"
            }
          },
          {
            "concept": {
              "CONCEPT_CLASS_ID": "Lab Test",
              "CONCEPT_CODE": "6598-7",
              "CONCEPT_ID": 3019800,
              "CONCEPT_NAME": "Troponin T.cardiac [Mass/volume] in Serum or Plasma",
              "DOMAIN_ID": "Measurement",
              "INVALID_REASON": "V",
              "INVALID_REASON_CAPTION": "Valid",
              "STANDARD_CONCEPT": "S",
              "STANDARD_CONCEPT_CAPTION": "Standard",
              "VOCABULARY_ID": "LOINC"
            }
          },
          {
            "concept": {
              "CONCEPT_CLASS_ID": "Procedure",
              "CONCEPT_CODE": "314068007",
              "CONCEPT_ID": 4192937,
              "CONCEPT_NAME": "Plasma troponin T measurement",
              "DOMAIN_ID": "Measurement",
              "INVALID_REASON": "V",
              "INVALID_REASON_CAPTION": "Valid",
              "STANDARD_CONCEPT": "S",
              "STANDARD_CONCEPT_CAPTION": "Standard",
              "VOCABULARY_ID": "SNOMED"
            }
          },
          {
            "concept": {
              "CONCEPT_CLASS_ID": "Procedure",
              "CONCEPT_CODE": "313724009",
              "CONCEPT_ID": 4198748,
              "CONCEPT_NAME": "Plasma troponin I measurement",
              "DOMAIN_ID": "Measurement",
              "INVALID_REASON": "V",
              "INVALID_REASON_CAPTION": "Valid",
              "STANDARD_CONCEPT": "S",
              "STANDARD_CONCEPT_CAPTION": "Standard",
              "VOCABULARY_ID": "SNOMED"
            }
          },
          {
            "concept": {
              "CONCEPT_CLASS_ID": "Lab Test",
              "CONCEPT_CODE": "6597-9",
              "CONCEPT_ID": 3019572,
              "CONCEPT_NAME": "Troponin T.cardiac [Mass/volume] in Venous blood",
              "DOMAIN_ID": "Measurement",
              "INVALID_REASON": "V",
              "INVALID_REASON_CAPTION": "Valid",
              "STANDARD_CONCEPT": "S",
              "STANDARD_CONCEPT_CAPTION": "Standard",
              "VOCABULARY_ID": "LOINC"
            }
          },
          {
            "concept": {
              "CONCEPT_CLASS_ID": "LOINC Hierarchy",
              "CONCEPT_CODE": "LP387080-7",
              "CONCEPT_ID": 37040477,
              "CONCEPT_NAME": "Troponin I.cardiac panel | Serum or Plasma | Chemistry Panels",
              "DOMAIN_ID": "Measurement",
              "INVALID_REASON": "V",
              "INVALID_REASON_CAPTION": "Valid",
              "STANDARD_CONCEPT": "C",
              "STANDARD_CONCEPT_CAPTION": "Classification",
              "VOCABULARY_ID": "LOINC"
            }
          },
          {
            "concept": {
              "CONCEPT_CLASS_ID": "Lab Test",
              "CONCEPT_CODE": "49563-0",
              "CONCEPT_ID": 3032971,
              "CONCEPT_NAME": "Troponin I.cardiac [Mass/volume] in Serum or Plasma by Detection limit <= 0.01 ng/mL",
              "DOMAIN_ID": "Measurement",
              "INVALID_REASON": "V",
              "INVALID_REASON_CAPTION": "Valid",
              "STANDARD_CONCEPT": "S",
              "STANDARD_CONCEPT_CAPTION": "Standard",
              "VOCABULARY_ID": "LOINC"
            }
          },
          {
            "concept": {
              "CONCEPT_CLASS_ID": "Lab Test",
              "CONCEPT_CODE": "42757-5",
              "CONCEPT_ID": 3033745,
              "CONCEPT_NAME": "Troponin I.cardiac [Mass/volume] in Blood",
              "DOMAIN_ID": "Measurement",
              "INVALID_REASON": "V",
              "INVALID_REASON_CAPTION": "Valid",
              "STANDARD_CONCEPT": "S",
              "STANDARD_CONCEPT_CAPTION": "Standard",
              "VOCABULARY_ID": "LOINC"
            }
          },
          {
            "concept": {
              "CONCEPT_CLASS_ID": "Lab Test",
              "CONCEPT_CODE": "89576-3",
              "CONCEPT_ID": 36303871,
              "CONCEPT_NAME": "Troponin T.cardiac panel - Serum or Plasma by High sensitivity method",
              "DOMAIN_ID": "Measurement",
              "INVALID_REASON": "V",
              "INVALID_REASON_CAPTION": "Valid",
              "STANDARD_CONCEPT": "S",
              "STANDARD_CONCEPT_CAPTION": "Standard",
              "VOCABULARY_ID": "LOINC"
            }
          },
          {
            "concept": {
              "CONCEPT_CLASS_ID": "Procedure",
              "CONCEPT_CODE": "105000003",
              "CONCEPT_ID": 4021291,
              "CONCEPT_NAME": "Troponin measurement",
              "DOMAIN_ID": "Measurement",
              "INVALID_REASON": "V",
              "INVALID_REASON_CAPTION": "Valid",
              "STANDARD_CONCEPT": "S",
              "STANDARD_CONCEPT_CAPTION": "Standard",
              "VOCABULARY_ID": "SNOMED"
            }
          },
          {
            "concept": {
              "CONCEPT_CLASS_ID": "Read",
              "CONCEPT_CODE": "44MG.00",
              "CONCEPT_ID": 45505216,
              "CONCEPT_NAME": "Serum troponin I level",
              "DOMAIN_ID": "Measurement",
              "INVALID_REASON": "V",
              "INVALID_REASON_CAPTION": "Valid",
              "STANDARD_CONCEPT": "N",
              "STANDARD_CONCEPT_CAPTION": "Non-Standard",
              "VOCABULARY_ID": "Read"
            }
          },
          {
            "concept": {
              "CONCEPT_CLASS_ID": "Read",
              "CONCEPT_CODE": "44ME.00",
              "CONCEPT_ID": 45478735,
              "CONCEPT_NAME": "Plasma troponin I level",
              "DOMAIN_ID": "Measurement",
              "INVALID_REASON": "V",
              "INVALID_REASON_CAPTION": "Valid",
              "STANDARD_CONCEPT": "N",
              "STANDARD_CONCEPT_CAPTION": "Non-Standard",
              "VOCABULARY_ID": "Read"
            }
          },
          {
            "concept": {
              "CONCEPT_CLASS_ID": "Procedure",
              "CONCEPT_CODE": "166794009",
              "CONCEPT_ID": 4042051,
              "CONCEPT_NAME": "Serum troponin T measurement",
              "DOMAIN_ID": "Measurement",
              "INVALID_REASON": "V",
              "INVALID_REASON_CAPTION": "Valid",
              "STANDARD_CONCEPT": "S",
              "STANDARD_CONCEPT_CAPTION": "Standard",
              "VOCABULARY_ID": "SNOMED"
            }
          },
          {
            "concept": {
              "CONCEPT_CLASS_ID": "Observable Entity",
              "CONCEPT_CODE": "1003361000000108",
              "CONCEPT_ID": 37392380,
              "CONCEPT_NAME": "Plasma troponin T level",
              "DOMAIN_ID": "Measurement",
              "INVALID_REASON": "V",
              "INVALID_REASON_CAPTION": "Valid",
              "STANDARD_CONCEPT": "S",
              "STANDARD_CONCEPT_CAPTION": "Standard",
              "VOCABULARY_ID": "SNOMED"
            }
          },
          {
            "concept": {
              "CONCEPT_CLASS_ID": "Observable Entity",
              "CONCEPT_CODE": "1001271000000105",
              "CONCEPT_ID": 37392221,
              "CONCEPT_NAME": "Serum troponin I level",
              "DOMAIN_ID": "Measurement",
              "INVALID_REASON": "V",
              "INVALID_REASON_CAPTION": "Valid",
              "STANDARD_CONCEPT": "S",
              "STANDARD_CONCEPT_CAPTION": "Standard",
              "VOCABULARY_ID": "SNOMED"
            }
          },
          {
            "concept": {
              "CONCEPT_CLASS_ID": "Lab Test",
              "CONCEPT_CODE": "76399-5",
              "CONCEPT_ID": 46235895,
              "CONCEPT_NAME": "Troponin I.cardiac [Presence] in Serum, Plasma or Blood by Rapid immunoassay",
              "DOMAIN_ID": "Measurement",
              "INVALID_REASON": "V",
              "INVALID_REASON_CAPTION": "Valid",
              "STANDARD_CONCEPT": "S",
              "STANDARD_CONCEPT_CAPTION": "Standard",
              "VOCABULARY_ID": "LOINC"
            }
          },
          {
            "concept": {
              "CONCEPT_CLASS_ID": "CPT4",
              "CONCEPT_CODE": "84484",
              "CONCEPT_ID": 2212605,
              "CONCEPT_NAME": "Troponin, quantitative",
              "DOMAIN_ID": "Measurement",
              "INVALID_REASON": "V",
              "INVALID_REASON_CAPTION": "Valid",
              "STANDARD_CONCEPT": "S",
              "STANDARD_CONCEPT_CAPTION": "Standard",
              "VOCABULARY_ID": "CPT4"
            }
          },
          {
            "concept": {
              "CONCEPT_CLASS_ID": "Observable Entity",
              "CONCEPT_CODE": "1083801000000101",
              "CONCEPT_ID": 35609600,
              "CONCEPT_NAME": "Serum cardiac troponin T concentration",
              "DOMAIN_ID": "Measurement",
              "INVALID_REASON": "V",
              "INVALID_REASON_CAPTION": "Valid",
              "STANDARD_CONCEPT": "S",
              "STANDARD_CONCEPT_CAPTION": "Standard",
              "VOCABULARY_ID": "SNOMED"
            }
          },
          {
            "concept": {
              "CONCEPT_CLASS_ID": "Lab Test",
              "CONCEPT_CODE": "48426-1",
              "CONCEPT_ID": 3052931,
              "CONCEPT_NAME": "Troponin T.cardiac [Presence] in Blood",
              "DOMAIN_ID": "Measurement",
              "INVALID_REASON": "V",
              "INVALID_REASON_CAPTION": "Valid",
              "STANDARD_CONCEPT": "S",
              "STANDARD_CONCEPT_CAPTION": "Standard",
              "VOCABULARY_ID": "LOINC"
            }
          },
          {
            "concept": {
              "CONCEPT_CLASS_ID": "Lab Test",
              "CONCEPT_CODE": "48425-3",
              "CONCEPT_ID": 3048529,
              "CONCEPT_NAME": "Troponin T.cardiac [Mass/volume] in Blood",
              "DOMAIN_ID": "Measurement",
              "INVALID_REASON": "V",
              "INVALID_REASON_CAPTION": "Valid",
              "STANDARD_CONCEPT": "S",
              "STANDARD_CONCEPT_CAPTION": "Standard",
              "VOCABULARY_ID": "LOINC"
            }
          },
          {
            "concept": {
              "CONCEPT_CLASS_ID": "Clinical Observation",
              "CONCEPT_CODE": "89581-3",
              "CONCEPT_ID": 36306083,
              "CONCEPT_NAME": "Laboratory device 99th percentile URL",
              "DOMAIN_ID": "Measurement",
              "INVALID_REASON": "V",
              "INVALID_REASON_CAPTION": "Valid",
              "STANDARD_CONCEPT": "S",
              "STANDARD_CONCEPT_CAPTION": "Standard",
              "VOCABULARY_ID": "LOINC"
            },
            "isExcluded": true
          },
          {
            "concept": {
              "CONCEPT_CLASS_ID": "Clinical Observation",
              "CONCEPT_CODE": "89580-5",
              "CONCEPT_ID": 36304551,
              "CONCEPT_NAME": "Laboratory device Coefficient of variation at 99th percentile URL",
              "DOMAIN_ID": "Measurement",
              "INVALID_REASON": "V",
              "INVALID_REASON_CAPTION": "Valid",
              "STANDARD_CONCEPT": "S",
              "STANDARD_CONCEPT_CAPTION": "Standard",
              "VOCABULARY_ID": "LOINC"
            },
            "isExcluded": true
          },
          {
            "concept": {
              "CONCEPT_CLASS_ID": "Clinical Observation",
              "CONCEPT_CODE": "87706-8",
              "CONCEPT_ID": 36304105,
              "CONCEPT_NAME": "Laboratory device Detection limit",
              "DOMAIN_ID": "Measurement",
              "INVALID_REASON": "V",
              "INVALID_REASON_CAPTION": "Valid",
              "STANDARD_CONCEPT": "S",
              "STANDARD_CONCEPT_CAPTION": "Standard",
              "VOCABULARY_ID": "LOINC"
            },
            "isExcluded": true
          }
        ]
      }
    },
    {
      "id": 3,
      "name": "ECG Obtained",
      "expression": {
        "items": [
          {
            "concept": {
              "CONCEPT_CLASS_ID": "Procedure",
              "CONCEPT_CODE": "268400002",
              "CONCEPT_ID": 3302061,
              "CONCEPT_NAME": "12 lead electrocardiogram",
              "DOMAIN_ID": "Procedure",
              "INVALID_REASON": "V",
              "INVALID_REASON_CAPTION": "Valid",
              "STANDARD_CONCEPT": "N",
              "STANDARD_CONCEPT_CAPTION": "Non-Standard",
              "VOCABULARY_ID": "Nebraska Lexicon"
            },
            "includeDescendants": true
          },
          {
            "concept": {
              "CONCEPT_CLASS_ID": "Procedure",
              "CONCEPT_CODE": "447113005",
              "CONCEPT_ID": 3274567,
              "CONCEPT_NAME": "12 lead electrocardiogram at rest",
              "DOMAIN_ID": "Procedure",
              "INVALID_REASON": "V",
              "INVALID_REASON_CAPTION": "Valid",
              "STANDARD_CONCEPT": "N",
              "STANDARD_CONCEPT_CAPTION": "Non-Standard",
              "VOCABULARY_ID": "Nebraska Lexicon"
            },
            "includeDescendants": true
          },
          {
            "concept": {
              "CONCEPT_CLASS_ID": "Procedure",
              "CONCEPT_CODE": "447113005",
              "CONCEPT_ID": 40491312,
              "CONCEPT_NAME": "12 lead electrocardiogram at rest",
              "DOMAIN_ID": "Procedure",
              "INVALID_REASON": "V",
              "INVALID_REASON_CAPTION": "Valid",
              "STANDARD_CONCEPT": "S",
              "STANDARD_CONCEPT_CAPTION": "Standard",
              "VOCABULARY_ID": "SNOMED"
            },
            "includeDescendants": true
          },
          {
            "concept": {
              "CONCEPT_CLASS_ID": "HCPCS",
              "CONCEPT_CODE": "G8704",
              "CONCEPT_ID": 40664798,
              "CONCEPT_NAME": "12-lead electrocardiogram (ecg) performed",
              "DOMAIN_ID": "Observation",
              "INVALID_REASON": "V",
              "INVALID_REASON_CAPTION": "Valid",
              "STANDARD_CONCEPT": "S",
              "STANDARD_CONCEPT_CAPTION": "Standard",
              "VOCABULARY_ID": "HCPCS"
            },
            "includeDescendants": true
          },
          {
            "concept": {
              "CONCEPT_CLASS_ID": "CPT4 Hierarchy",
              "CONCEPT_CODE": "1013012",
              "CONCEPT_ID": 45889522,
              "CONCEPT_NAME": "Electrocardiogram, routine ECG with at least 12 leads",
              "DOMAIN_ID": "Procedure",
              "INVALID_REASON": "V",
              "INVALID_REASON_CAPTION": "Valid",
              "STANDARD_CONCEPT": "C",
              "STANDARD_CONCEPT_CAPTION": "Classification",
              "VOCABULARY_ID": "CPT4"
            },
            "includeDescendants": true
          },
          {
            "concept": {
              "CONCEPT_CLASS_ID": "CPT4",
              "CONCEPT_CODE": "93010",
              "CONCEPT_ID": 2313816,
              "CONCEPT_NAME": "Electrocardiogram, routine ECG with at least 12 leads; interpretation and report only",
              "DOMAIN_ID": "Procedure",
              "INVALID_REASON": "V",
              "INVALID_REASON_CAPTION": "Valid",
              "STANDARD_CONCEPT": "S",
              "STANDARD_CONCEPT_CAPTION": "Standard",
              "VOCABULARY_ID": "CPT4"
            },
            "includeDescendants": true
          },
          {
            "concept": {
              "CONCEPT_CLASS_ID": "CPT4",
              "CONCEPT_CODE": "93005",
              "CONCEPT_ID": 2313815,
              "CONCEPT_NAME": "Electrocardiogram, routine ECG with at least 12 leads; tracing only, without interpretation and report",
              "DOMAIN_ID": "Procedure",
              "INVALID_REASON": "V",
              "INVALID_REASON_CAPTION": "Valid",
              "STANDARD_CONCEPT": "S",
              "STANDARD_CONCEPT_CAPTION": "Standard",
              "VOCABULARY_ID": "CPT4"
            },
            "includeDescendants": true
          },
          {
            "concept": {
              "CONCEPT_CLASS_ID": "CPT4",
              "CONCEPT_CODE": "93000",
              "CONCEPT_ID": 2313814,
              "CONCEPT_NAME": "Electrocardiogram, routine ECG with at least 12 leads; with interpretation and report",
              "DOMAIN_ID": "Procedure",
              "INVALID_REASON": "V",
              "INVALID_REASON_CAPTION": "Valid",
              "STANDARD_CONCEPT": "S",
              "STANDARD_CONCEPT_CAPTION": "Standard",
              "VOCABULARY_ID": "CPT4"
            },
            "includeDescendants": true
          },
          {
            "concept": {
              "CONCEPT_CLASS_ID": "Procedure",
              "CONCEPT_CODE": "447113005",
              "CONCEPT_ID": 40491312,
              "CONCEPT_NAME": "12 lead electrocardiogram at rest",
              "DOMAIN_ID": "Procedure",
              "INVALID_REASON": "V",
              "INVALID_REASON_CAPTION": "Valid",
              "STANDARD_CONCEPT": "S",
              "STANDARD_CONCEPT_CAPTION": "Standard",
              "VOCABULARY_ID": "SNOMED"
            },
            "includeDescendants": true
          },
          {
            "concept": {
              "CONCEPT_CLASS_ID": "Procedure",
              "CONCEPT_CODE": "70878000",
              "CONCEPT_ID": 4323962,
              "CONCEPT_NAME": "Electrocardiogram, rhythm",
              "DOMAIN_ID": "Procedure",
              "INVALID_REASON": "V",
              "INVALID_REASON_CAPTION": "Valid",
              "STANDARD_CONCEPT": "S",
              "STANDARD_CONCEPT_CAPTION": "Standard",
              "VOCABULARY_ID": "SNOMED"
            },
            "includeDescendants": true
          },
          {
            "concept": {
              "CONCEPT_CLASS_ID": "HCPCS",
              "CONCEPT_CODE": "G8704",
              "CONCEPT_ID": 40664798,
              "CONCEPT_NAME": "12-lead electrocardiogram (ecg) performed",
              "DOMAIN_ID": "Observation",
              "INVALID_REASON": "V",
              "INVALID_REASON_CAPTION": "Valid",
              "STANDARD_CONCEPT": "S",
              "STANDARD_CONCEPT_CAPTION": "Standard",
              "VOCABULARY_ID": "HCPCS"
            },
            "includeDescendants": true
          },
          {
            "concept": {
              "CONCEPT_CLASS_ID": "LOINC Class",
              "CONCEPT_CODE": "EKG",
              "CONCEPT_ID": 45876202,
              "CONCEPT_NAME": "Electrocardiogram",
              "DOMAIN_ID": "Measurement",
              "INVALID_REASON": "V",
              "INVALID_REASON_CAPTION": "Valid",
              "STANDARD_CONCEPT": "C",
              "STANDARD_CONCEPT_CAPTION": "Classification",
              "VOCABULARY_ID": "LOINC"
            },
            "includeDescendants": true
          },
          {
            "concept": {
              "CONCEPT_CLASS_ID": "Answer",
              "CONCEPT_CODE": "LA24331-3",
              "CONCEPT_ID": 36308175,
              "CONCEPT_NAME": "Electrocardiogram",
              "DOMAIN_ID": "Meas Value",
              "INVALID_REASON": "V",
              "INVALID_REASON_CAPTION": "Valid",
              "STANDARD_CONCEPT": "S",
              "STANDARD_CONCEPT_CAPTION": "Standard",
              "VOCABULARY_ID": "LOINC"
            },
            "includeDescendants": true
          },
          {
            "concept": {
              "CONCEPT_CLASS_ID": "LOINC Method",
              "CONCEPT_CODE": "LP6244-0",
              "CONCEPT_ID": 1028987,
              "CONCEPT_NAME": "Electrocardiogram (EKG)",
              "DOMAIN_ID": "Observation",
              "INVALID_REASON": "V",
              "INVALID_REASON_CAPTION": "Valid",
              "STANDARD_CONCEPT": "N",
              "STANDARD_CONCEPT_CAPTION": "Non-Standard",
              "VOCABULARY_ID": "LOINC"
            },
            "includeDescendants": true
          },
          {
            "concept": {
              "CONCEPT_CLASS_ID": "Clinical Observation",
              "CONCEPT_CODE": "58253-6",
              "CONCEPT_ID": 40761354,
              "CONCEPT_NAME": "Electrocardiograms recorded",
              "DOMAIN_ID": "Observation",
              "INVALID_REASON": "V",
              "INVALID_REASON_CAPTION": "Valid",
              "STANDARD_CONCEPT": "S",
              "STANDARD_CONCEPT_CAPTION": "Standard",
              "VOCABULARY_ID": "LOINC"
            },
            "includeDescendants": true
          },
          {
            "concept": {
              "CONCEPT_CLASS_ID": "LOINC Component",
              "CONCEPT_CODE": "LP98879-7",
              "CONCEPT_ID": 1034836,
              "CONCEPT_NAME": "Electrocardiograms recorded",
              "DOMAIN_ID": "Observation",
              "INVALID_REASON": "V",
              "INVALID_REASON_CAPTION": "Valid",
              "STANDARD_CONCEPT": "N",
              "STANDARD_CONCEPT_CAPTION": "Non-Standard",
              "VOCABULARY_ID": "LOINC"
            },
            "includeDescendants": true
          },
          {
            "concept": {
              "CONCEPT_CLASS_ID": "CPT4 Hierarchy",
              "CONCEPT_CODE": "1013012",
              "CONCEPT_ID": 45889522,
              "CONCEPT_NAME": "Electrocardiogram, routine ECG with at least 12 leads",
              "DOMAIN_ID": "Procedure",
              "INVALID_REASON": "V",
              "INVALID_REASON_CAPTION": "Valid",
              "STANDARD_CONCEPT": "C",
              "STANDARD_CONCEPT_CAPTION": "Classification",
              "VOCABULARY_ID": "CPT4"
            },
            "includeDescendants": true
          },
          {
            "concept": {
              "CONCEPT_CLASS_ID": "CPT4",
              "CONCEPT_CODE": "93010",
              "CONCEPT_ID": 2313816,
              "CONCEPT_NAME": "Electrocardiogram, routine ECG with at least 12 leads; interpretation and report only",
              "DOMAIN_ID": "Procedure",
              "INVALID_REASON": "V",
              "INVALID_REASON_CAPTION": "Valid",
              "STANDARD_CONCEPT": "S",
              "STANDARD_CONCEPT_CAPTION": "Standard",
              "VOCABULARY_ID": "CPT4"
            },
            "includeDescendants": true
          },
          {
            "concept": {
              "CONCEPT_CLASS_ID": "CPT4",
              "CONCEPT_CODE": "93005",
              "CONCEPT_ID": 2313815,
              "CONCEPT_NAME": "Electrocardiogram, routine ECG with at least 12 leads; tracing only, without interpretation and report",
              "DOMAIN_ID": "Procedure",
              "INVALID_REASON": "V",
              "INVALID_REASON_CAPTION": "Valid",
              "STANDARD_CONCEPT": "S",
              "STANDARD_CONCEPT_CAPTION": "Standard",
              "VOCABULARY_ID": "CPT4"
            },
            "includeDescendants": true
          },
          {
            "concept": {
              "CONCEPT_CLASS_ID": "CPT4",
              "CONCEPT_CODE": "93000",
              "CONCEPT_ID": 2313814,
              "CONCEPT_NAME": "Electrocardiogram, routine ECG with at least 12 leads; with interpretation and report",
              "DOMAIN_ID": "Procedure",
              "INVALID_REASON": "V",
              "INVALID_REASON_CAPTION": "Valid",
              "STANDARD_CONCEPT": "S",
              "STANDARD_CONCEPT_CAPTION": "Standard",
              "VOCABULARY_ID": "CPT4"
            },
            "includeDescendants": true
          },
          {
            "concept": {
              "CONCEPT_CLASS_ID": "4-dig nonbill code",
              "CONCEPT_CODE": "89.52",
              "CONCEPT_ID": 36905667,
              "CONCEPT_NAME": "Electrocardiogram",
              "DOMAIN_ID": "Procedure",
              "INVALID_REASON": "V",
              "INVALID_REASON_CAPTION": "Valid",
              "STANDARD_CONCEPT": "N",
              "STANDARD_CONCEPT_CAPTION": "Non-Standard",
              "VOCABULARY_ID": "ICD9ProcCN"
            },
            "includeDescendants": true
          },
          {
            "concept": {
              "CONCEPT_CLASS_ID": "6-dig billing code",
              "CONCEPT_CODE": "89.5200",
              "CONCEPT_ID": 36910387,
              "CONCEPT_NAME": "Electrocardiogram",
              "DOMAIN_ID": "Procedure",
              "INVALID_REASON": "V",
              "INVALID_REASON_CAPTION": "Valid",
              "STANDARD_CONCEPT": "N",
              "STANDARD_CONCEPT_CAPTION": "Non-Standard",
              "VOCABULARY_ID": "ICD9ProcCN"
            },
            "includeDescendants": true
          },
          {
            "concept": {
              "CONCEPT_CLASS_ID": "4-dig nonbill code",
              "CONCEPT_CODE": "89.51",
              "CONCEPT_ID": 36905064,
              "CONCEPT_NAME": "Rhythm electrocardiogram",
              "DOMAIN_ID": "Procedure",
              "INVALID_REASON": "V",
              "INVALID_REASON_CAPTION": "Valid",
              "STANDARD_CONCEPT": "N",
              "STANDARD_CONCEPT_CAPTION": "Non-Standard",
              "VOCABULARY_ID": "ICD9ProcCN"
            },
            "includeDescendants": true
          },
          {
            "concept": {
              "CONCEPT_CLASS_ID": "6-dig billing code",
              "CONCEPT_CODE": "89.5100",
              "CONCEPT_ID": 36907978,
              "CONCEPT_NAME": "Rhythm electrocardiogram",
              "DOMAIN_ID": "Procedure",
              "INVALID_REASON": "V",
              "INVALID_REASON_CAPTION": "Valid",
              "STANDARD_CONCEPT": "N",
              "STANDARD_CONCEPT_CAPTION": "Non-Standard",
              "VOCABULARY_ID": "ICD9ProcCN"
            },
            "includeDescendants": true
          }
        ]
      }
    }
  ],
  "PrimaryCriteria": {
    "CriteriaList": [
      {
        "Measurement": {
          "CodesetId": 2
        }
      },
      {
        "Measurement": {
          "CodesetId": 3
        }
      }
    ],
    "ObservationWindow": {
      "PriorDays": 0,
      "PostDays": 0
    },
    "PrimaryCriteriaLimit": {
      "Type": "First"
    }
  },
  "QualifiedLimit": {
    "Type": "First"
  },
  "ExpressionLimit": {
    "Type": "First"
  },
  "InclusionRules": [
    {
      "name": "age ≥ 18 yo",
      "description": "Limit to patients age 18 and older",
      "expression": {
        "Type": "ALL",
        "CriteriaList": [],
        "DemographicCriteriaList": [
          {
            "Age": {
              "Value": 18,
              "Op": "gte"
            }
          }
        ],
        "Groups": []
      }
    },
    {
      "name": "STEMI ICD Code",
      "expression": {
        "Type": "ALL",
        "CriteriaList": [
          {
            "Criteria": {
              "ConditionOccurrence": {
                "CodesetId": 1,
                "First": true
              }
            },
            "StartWindow": {
              "Start": {
                "Days": 1,
                "Coeff": -1
              },
              "End": {
                "Days": 1,
                "Coeff": 1
              },
              "UseEventEnd": false
            },
            "RestrictVisit": true,
            "Occurrence": {
              "Type": 2,
              "Count": 1
            }
          }
        ],
        "DemographicCriteriaList": [],
        "Groups": []
      }
    }
  ],
  "CensoringCriteria": [],
  "CollapseSettings": {
    "CollapseType": "ERA",
    "EraPad": 0
  },
  "CensorWindow": {},
  "cdmVersionRange": ">=5.0.0"
}
