{
  "items": [
    {
      "concept": {
        "CONCEPT_CLASS_ID": "LOINC Group",
        "CONCEPT_CODE": "LG13250-2",
        "CONCEPT_ID": 40653875,
        "CONCEPT_NAME": "Troponin T.cardiac|PrThr|Pt|ANYBldSerPl",
        "DOMAIN_ID": "Measurement",
        "INVALID_REASON": "V",
        "INVALID_REASON_CAPTION": "Valid",
        "STANDARD_CONCEPT": "C",
        "STANDARD_CONCEPT_CAPTION": "Classification",
        "VOCABULARY_ID": "LOINC",
        "VALID_START_DATE": "",
        "VALID_END_DATE": ""
      },
      "isExcluded": false,
      "includeDescendants": true,
      "includeMapped": false
    },
    {
      "concept": {
        "CONCEPT_CLASS_ID": "LOINC Hierarchy",
        "CONCEPT_CODE": "LP387081-5",
        "CONCEPT_ID": 37075202,
        "CONCEPT_NAME": "Troponin T.cardiac panel | Serum or Plasma | Chemistry Panels",
        "DOMAIN_ID": "Measurement",
        "INVALID_REASON": "V",
        "INVALID_REASON_CAPTION": "Valid",
        "STANDARD_CONCEPT": "C",
        "STANDARD_CONCEPT_CAPTION": "Classification",
        "VOCABULARY_ID": "LOINC",
        "VALID_START_DATE": "",
        "VALID_END_DATE": ""
      },
      "isExcluded": false,
      "includeDescendants": true,
      "includeMapped": false
    },
    {
      "concept": {
        "CONCEPT_CLASS_ID": "Observable Entity",
        "CONCEPT_CODE": "1015261000000102",
        "CONCEPT_ID": 37393304,
        "CONCEPT_NAME": "Serum troponin T level",
        "DOMAIN_ID": "Measurement",
        "INVALID_REASON": "V",
        "INVALID_REASON_CAPTION": "Valid",
        "STANDARD_CONCEPT": "S",
        "STANDARD_CONCEPT_CAPTION": "Standard",
        "VOCABULARY_ID": "SNOMED",
        "VALID_START_DATE": "",
        "VALID_END_DATE": ""
      },
      "isExcluded": false,
      "includeDescendants": true,
      "includeMapped": false
    },
    {
      "concept": {
        "CONCEPT_CLASS_ID": "Read",
        "CONCEPT_CODE": "44MC.00",
        "CONCEPT_ID": 45461935,
        "CONCEPT_NAME": "Serum troponin T level",
        "DOMAIN_ID": "Measurement",
        "INVALID_REASON": "V",
        "INVALID_REASON_CAPTION": "Valid",
        "STANDARD_CONCEPT": "N",
        "STANDARD_CONCEPT_CAPTION": "Non-Standard",
        "VOCABULARY_ID": "Read",
        "VALID_START_DATE": "",
        "VALID_END_DATE": ""
      },
      "isExcluded": false,
      "includeDescendants": true,
      "includeMapped": false
    },
    {
      "concept": {
        "CONCEPT_CLASS_ID": "LOINC Group",
        "CONCEPT_CODE": "LG19584-8",
        "CONCEPT_ID": 40653874,
        "CONCEPT_NAME": "Troponin T.cardiac|MCnc|Pt|ANYBldSerPl",
        "DOMAIN_ID": "Measurement",
        "INVALID_REASON": "V",
        "INVALID_REASON_CAPTION": "Valid",
        "STANDARD_CONCEPT": "C",
        "STANDARD_CONCEPT_CAPTION": "Classification",
        "VOCABULARY_ID": "LOINC",
        "VALID_START_DATE": "",
        "VALID_END_DATE": ""
      },
      "isExcluded": false,
      "includeDescendants": true,
      "includeMapped": false
    },
    {
      "concept": {
        "CONCEPT_CLASS_ID": "LOINC Hierarchy",
        "CONCEPT_CODE": "LP385946-1",
        "CONCEPT_ID": 37045968,
        "CONCEPT_NAME": "Troponin T.cardiac | Serum or Plasma | Chemistry - non-challenge",
        "DOMAIN_ID": "Measurement",
        "INVALID_REASON": "V",
        "INVALID_REASON_CAPTION": "Valid",
        "STANDARD_CONCEPT": "C",
        "STANDARD_CONCEPT_CAPTION": "Classification",
        "VOCABULARY_ID": "LOINC",
        "VALID_START_DATE": "",
        "VALID_END_DATE": ""
      },
      "isExcluded": false,
      "includeDescendants": true,
      "includeMapped": false
    },
    {
      "concept": {
        "CONCEPT_CLASS_ID": "Read",
        "CONCEPT_CODE": "44MH.00",
        "CONCEPT_ID": 45435276,
        "CONCEPT_NAME": "Plasma troponin T level",
        "DOMAIN_ID": "Measurement",
        "INVALID_REASON": "V",
        "INVALID_REASON_CAPTION": "Valid",
        "STANDARD_CONCEPT": "N",
        "STANDARD_CONCEPT_CAPTION": "Non-Standard",
        "VOCABULARY_ID": "Read",
        "VALID_START_DATE": "",
        "VALID_END_DATE": ""
      },
      "isExcluded": false,
      "includeDescendants": true,
      "includeMapped": false
    },
    {
      "concept": {
        "CONCEPT_CLASS_ID": "Observable Entity",
        "CONCEPT_CODE": "1003361000000108",
        "CONCEPT_ID": 37392380,
        "CONCEPT_NAME": "Plasma troponin T level",
        "DOMAIN_ID": "Measurement",
        "INVALID_REASON": "V",
        "INVALID_REASON_CAPTION": "Valid",
        "STANDARD_CONCEPT": "S",
        "STANDARD_CONCEPT_CAPTION": "Standard",
        "VOCABULARY_ID": "SNOMED",
        "VALID_START_DATE": "",
        "VALID_END_DATE": ""
      },
      "isExcluded": false,
      "includeDescendants": true,
      "includeMapped": false
    },
    {
      "concept": {
        "CONCEPT_CLASS_ID": "Observable Entity",
        "CONCEPT_CODE": "1106491000000105",
        "CONCEPT_ID": 37208546,
        "CONCEPT_NAME": "Cardiac troponin T mass concentration in serum by high sensitivity technique",
        "DOMAIN_ID": "Measurement",
        "INVALID_REASON": "V",
        "INVALID_REASON_CAPTION": "Valid",
        "STANDARD_CONCEPT": "S",
        "STANDARD_CONCEPT_CAPTION": "Standard",
        "VOCABULARY_ID": "SNOMED",
        "VALID_START_DATE": "",
        "VALID_END_DATE": ""
      },
      "isExcluded": true,
      "includeDescendants": false,
      "includeMapped": false
    },
    {
      "concept": {
        "CONCEPT_CLASS_ID": "Clinical Observation",
        "CONCEPT_CODE": "74720-4",
        "CONCEPT_ID": 44816618,
        "CONCEPT_NAME": "Device name",
        "DOMAIN_ID": "Measurement",
        "INVALID_REASON": "V",
        "INVALID_REASON_CAPTION": "Valid",
        "STANDARD_CONCEPT": "S",
        "STANDARD_CONCEPT_CAPTION": "Standard",
        "VOCABULARY_ID": "LOINC",
        "VALID_START_DATE": "",
        "VALID_END_DATE": ""
      },
      "isExcluded": true,
      "includeDescendants": false,
      "includeMapped": false
    },
    {
      "concept": {
        "CONCEPT_CLASS_ID": "Clinical Observation",
        "CONCEPT_CODE": "89581-3",
        "CONCEPT_ID": 36306083,
        "CONCEPT_NAME": "Laboratory device 99th percentile URL",
        "DOMAIN_ID": "Measurement",
        "INVALID_REASON": "V",
        "INVALID_REASON_CAPTION": "Valid",
        "STANDARD_CONCEPT": "S",
        "STANDARD_CONCEPT_CAPTION": "Standard",
        "VOCABULARY_ID": "LOINC",
        "VALID_START_DATE": "",
        "VALID_END_DATE": ""
      },
      "isExcluded": true,
      "includeDescendants": false,
      "includeMapped": false
    },
    {
      "concept": {
        "CONCEPT_CLASS_ID": "Clinical Observation",
        "CONCEPT_CODE": "89580-5",
        "CONCEPT_ID": 36304551,
        "CONCEPT_NAME": "Laboratory device Coefficient of variation at 99th percentile URL",
        "DOMAIN_ID": "Measurement",
        "INVALID_REASON": "V",
        "INVALID_REASON_CAPTION": "Valid",
        "STANDARD_CONCEPT": "S",
        "STANDARD_CONCEPT_CAPTION": "Standard",
        "VOCABULARY_ID": "LOINC",
        "VALID_START_DATE": "",
        "VALID_END_DATE": ""
      },
      "isExcluded": true,
      "includeDescendants": false,
      "includeMapped": false
    },
    {
      "concept": {
        "CONCEPT_CLASS_ID": "Clinical Observation",
        "CONCEPT_CODE": "87706-8",
        "CONCEPT_ID": 36304105,
        "CONCEPT_NAME": "Laboratory device Detection limit",
        "DOMAIN_ID": "Measurement",
        "INVALID_REASON": "V",
        "INVALID_REASON_CAPTION": "Valid",
        "STANDARD_CONCEPT": "S",
        "STANDARD_CONCEPT_CAPTION": "Standard",
        "VOCABULARY_ID": "LOINC",
        "VALID_START_DATE": "",
        "VALID_END_DATE": ""
      },
      "isExcluded": true,
      "includeDescendants": false,
      "includeMapped": false
    },
    {
      "concept": {
        "CONCEPT_CLASS_ID": "Clinical Observation",
        "CONCEPT_CODE": "74719-6",
        "CONCEPT_ID": 44816617,
        "CONCEPT_NAME": "Manufacturer name",
        "DOMAIN_ID": "Measurement",
        "INVALID_REASON": "V",
        "INVALID_REASON_CAPTION": "Valid",
        "STANDARD_CONCEPT": "S",
        "STANDARD_CONCEPT_CAPTION": "Standard",
        "VOCABULARY_ID": "LOINC",
        "VALID_START_DATE": "",
        "VALID_END_DATE": ""
      },
      "isExcluded": true,
      "includeDescendants": false,
      "includeMapped": false
    },
    {
      "concept": {
        "CONCEPT_CLASS_ID": "Lab Test",
        "CONCEPT_CODE": "89575-5",
        "CONCEPT_ID": 36304662,
        "CONCEPT_NAME": "Troponin T.cardiac [Interpretation] in Serum or Plasma Qualitative by High sensitivity method",
        "DOMAIN_ID": "Measurement",
        "INVALID_REASON": "V",
        "INVALID_REASON_CAPTION": "Valid",
        "STANDARD_CONCEPT": "S",
        "STANDARD_CONCEPT_CAPTION": "Standard",
        "VOCABULARY_ID": "LOINC",
        "VALID_START_DATE": "",
        "VALID_END_DATE": ""
      },
      "isExcluded": true,
      "includeDescendants": false,
      "includeMapped": false
    },
    {
      "concept": {
        "CONCEPT_CLASS_ID": "Clinical Observation",
        "CONCEPT_CODE": "67716-1",
        "CONCEPT_ID": 40770326,
        "CONCEPT_NAME": "Vendor device model",
        "DOMAIN_ID": "Measurement",
        "INVALID_REASON": "V",
        "INVALID_REASON_CAPTION": "Valid",
        "STANDARD_CONCEPT": "S",
        "STANDARD_CONCEPT_CAPTION": "Standard",
        "VOCABULARY_ID": "LOINC",
        "VALID_START_DATE": "",
        "VALID_END_DATE": ""
      },
      "isExcluded": true,
      "includeDescendants": false,
      "includeMapped": false
    },
    {
      "concept": {
        "CONCEPT_CLASS_ID": "Clinical Observation",
        "CONCEPT_CODE": "74717-0",
        "CONCEPT_ID": 44816615,
        "CONCEPT_NAME": "Vendor model number",
        "DOMAIN_ID": "Measurement",
        "INVALID_REASON": "V",
        "INVALID_REASON_CAPTION": "Valid",
        "STANDARD_CONCEPT": "S",
        "STANDARD_CONCEPT_CAPTION": "Standard",
        "VOCABULARY_ID": "LOINC",
        "VALID_START_DATE": "",
        "VALID_END_DATE": ""
      },
      "isExcluded": true,
      "includeDescendants": false,
      "includeMapped": false
    },
    {
      "concept": {
        "CONCEPT_CLASS_ID": "Clinical Observation",
        "CONCEPT_CODE": "74715-4",
        "CONCEPT_ID": 44816613,
        "CONCEPT_NAME": "Vendor serial number",
        "DOMAIN_ID": "Measurement",
        "INVALID_REASON": "V",
        "INVALID_REASON_CAPTION": "Valid",
        "STANDARD_CONCEPT": "S",
        "STANDARD_CONCEPT_CAPTION": "Standard",
        "VOCABULARY_ID": "LOINC",
        "VALID_START_DATE": "",
        "VALID_END_DATE": ""
      },
      "isExcluded": true,
      "includeDescendants": false,
      "includeMapped": false
    }
  ]
}
