{
  "items": [
    {
      "concept": {
        "CONCEPT_CLASS_ID": "LOINC Class",
        "CONCEPT_CODE": "EKG",
        "CONCEPT_ID": 45876202,
        "CONCEPT_NAME": "Electrocardiogram",
        "DOMAIN_ID": "Measurement",
        "INVALID_REASON": "V",
        "INVALID_REASON_CAPTION": "Valid",
        "STANDARD_CONCEPT": "C",
        "STANDARD_CONCEPT_CAPTION": "Classification",
        "VOCABULARY_ID": "LOINC",
        "VALID_START_DATE": "",
        "VALID_END_DATE": ""
      },
      "isExcluded": false,
      "includeDescendants": true,
      "includeMapped": false
    },
    {
      "concept": {
        "CONCEPT_CLASS_ID": "4-dig nonbill code",
        "CONCEPT_CODE": "89.52",
        "CONCEPT_ID": 36905667,
        "CONCEPT_NAME": "Electrocardiogram",
        "DOMAIN_ID": "Procedure",
        "INVALID_REASON": "V",
        "INVALID_REASON_CAPTION": "Valid",
        "STANDARD_CONCEPT": "N",
        "STANDARD_CONCEPT_CAPTION": "Non-Standard",
        "VOCABULARY_ID": "ICD9ProcCN",
        "VALID_START_DATE": "",
        "VALID_END_DATE": ""
      },
      "isExcluded": false,
      "includeDescendants": true,
      "includeMapped": false
    },
    {
      "concept": {
        "CONCEPT_CLASS_ID": "LOINC Component",
        "CONCEPT_CODE": "LP98879-7",
        "CONCEPT_ID": 1034836,
        "CONCEPT_NAME": "Electrocardiograms recorded",
        "DOMAIN_ID": "Observation",
        "INVALID_REASON": "V",
        "INVALID_REASON_CAPTION": "Valid",
        "STANDARD_CONCEPT": "N",
        "STANDARD_CONCEPT_CAPTION": "Non-Standard",
        "VOCABULARY_ID": "LOINC",
        "VALID_START_DATE": "",
        "VALID_END_DATE": ""
      },
      "isExcluded": false,
      "includeDescendants": true,
      "includeMapped": false
    },
    {
      "concept": {
        "CONCEPT_CLASS_ID": "4-dig nonbill code",
        "CONCEPT_CODE": "89.51",
        "CONCEPT_ID": 36905064,
        "CONCEPT_NAME": "Rhythm electrocardiogram",
        "DOMAIN_ID": "Procedure",
        "INVALID_REASON": "V",
        "INVALID_REASON_CAPTION": "Valid",
        "STANDARD_CONCEPT": "N",
        "STANDARD_CONCEPT_CAPTION": "Non-Standard",
        "VOCABULARY_ID": "ICD9ProcCN",
        "VALID_START_DATE": "",
        "VALID_END_DATE": ""
      },
      "isExcluded": false,
      "includeDescendants": true,
      "includeMapped": false
    },
    {
      "concept": {
        "CONCEPT_CLASS_ID": "Answer",
        "CONCEPT_CODE": "LA24331-3",
        "CONCEPT_ID": 36308175,
        "CONCEPT_NAME": "Electrocardiogram",
        "DOMAIN_ID": "Meas Value",
        "INVALID_REASON": "V",
        "INVALID_REASON_CAPTION": "Valid",
        "STANDARD_CONCEPT": "S",
        "STANDARD_CONCEPT_CAPTION": "Standard",
        "VOCABULARY_ID": "LOINC",
        "VALID_START_DATE": "",
        "VALID_END_DATE": ""
      },
      "isExcluded": false,
      "includeDescendants": true,
      "includeMapped": false
    },
    {
      "concept": {
        "CONCEPT_CLASS_ID": "Procedure",
        "CONCEPT_CODE": "447113005",
        "CONCEPT_ID": 40491312,
        "CONCEPT_NAME": "12 lead electrocardiogram at rest",
        "DOMAIN_ID": "Procedure",
        "INVALID_REASON": "V",
        "INVALID_REASON_CAPTION": "Valid",
        "STANDARD_CONCEPT": "S",
        "STANDARD_CONCEPT_CAPTION": "Standard",
        "VOCABULARY_ID": "SNOMED",
        "VALID_START_DATE": "",
        "VALID_END_DATE": ""
      },
      "isExcluded": false,
      "includeDescendants": true,
      "includeMapped": false
    },
    {
      "concept": {
        "CONCEPT_CLASS_ID": "6-dig billing code",
        "CONCEPT_CODE": "89.5100",
        "CONCEPT_ID": 36907978,
        "CONCEPT_NAME": "Rhythm electrocardiogram",
        "DOMAIN_ID": "Procedure",
        "INVALID_REASON": "V",
        "INVALID_REASON_CAPTION": "Valid",
        "STANDARD_CONCEPT": "N",
        "STANDARD_CONCEPT_CAPTION": "Non-Standard",
        "VOCABULARY_ID": "ICD9ProcCN",
        "VALID_START_DATE": "",
        "VALID_END_DATE": ""
      },
      "isExcluded": false,
      "includeDescendants": true,
      "includeMapped": false
    },
    {
      "concept": {
        "CONCEPT_CLASS_ID": "Procedure",
        "CONCEPT_CODE": "70878000",
        "CONCEPT_ID": 4323962,
        "CONCEPT_NAME": "Electrocardiogram, rhythm",
        "DOMAIN_ID": "Procedure",
        "INVALID_REASON": "V",
        "INVALID_REASON_CAPTION": "Valid",
        "STANDARD_CONCEPT": "S",
        "STANDARD_CONCEPT_CAPTION": "Standard",
        "VOCABULARY_ID": "SNOMED",
        "VALID_START_DATE": "",
        "VALID_END_DATE": ""
      },
      "isExcluded": false,
      "includeDescendants": true,
      "includeMapped": false
    },
    {
      "concept": {
        "CONCEPT_CLASS_ID": "HCPCS",
        "CONCEPT_CODE": "G8704",
        "CONCEPT_ID": 40664798,
        "CONCEPT_NAME": "12-lead electrocardiogram (ecg) performed",
        "DOMAIN_ID": "Observation",
        "INVALID_REASON": "V",
        "INVALID_REASON_CAPTION": "Valid",
        "STANDARD_CONCEPT": "S",
        "STANDARD_CONCEPT_CAPTION": "Standard",
        "VOCABULARY_ID": "HCPCS",
        "VALID_START_DATE": "",
        "VALID_END_DATE": ""
      },
      "isExcluded": false,
      "includeDescendants": true,
      "includeMapped": false
    },
    {
      "concept": {
        "CONCEPT_CLASS_ID": "6-dig billing code",
        "CONCEPT_CODE": "89.5200",
        "CONCEPT_ID": 36910387,
        "CONCEPT_NAME": "Electrocardiogram",
        "DOMAIN_ID": "Procedure",
        "INVALID_REASON": "V",
        "INVALID_REASON_CAPTION": "Valid",
        "STANDARD_CONCEPT": "N",
        "STANDARD_CONCEPT_CAPTION": "Non-Standard",
        "VOCABULARY_ID": "ICD9ProcCN",
        "VALID_START_DATE": "",
        "VALID_END_DATE": ""
      },
      "isExcluded": false,
      "includeDescendants": true,
      "includeMapped": false
    },
    {
      "concept": {
        "CONCEPT_CLASS_ID": "LOINC Method",
        "CONCEPT_CODE": "LP6244-0",
        "CONCEPT_ID": 1028987,
        "CONCEPT_NAME": "Electrocardiogram (EKG)",
        "DOMAIN_ID": "Observation",
        "INVALID_REASON": "V",
        "INVALID_REASON_CAPTION": "Valid",
        "STANDARD_CONCEPT": "N",
        "STANDARD_CONCEPT_CAPTION": "Non-Standard",
        "VOCABULARY_ID": "LOINC",
        "VALID_START_DATE": "",
        "VALID_END_DATE": ""
      },
      "isExcluded": false,
      "includeDescendants": true,
      "includeMapped": false
    },
    {
      "concept": {
        "CONCEPT_CLASS_ID": "Procedure",
        "CONCEPT_CODE": "268400002",
        "CONCEPT_ID": 3302061,
        "CONCEPT_NAME": "12 lead electrocardiogram",
        "DOMAIN_ID": "Procedure",
        "INVALID_REASON": "V",
        "INVALID_REASON_CAPTION": "Valid",
        "STANDARD_CONCEPT": "N",
        "STANDARD_CONCEPT_CAPTION": "Non-Standard",
        "VOCABULARY_ID": "Nebraska Lexicon",
        "VALID_START_DATE": "",
        "VALID_END_DATE": ""
      },
      "isExcluded": false,
      "includeDescendants": true,
      "includeMapped": false
    },
    {
      "concept": {
        "CONCEPT_CLASS_ID": "CPT4 Hierarchy",
        "CONCEPT_CODE": "1013012",
        "CONCEPT_ID": 45889522,
        "CONCEPT_NAME": "Electrocardiogram, routine ECG with at least 12 leads",
        "DOMAIN_ID": "Procedure",
        "INVALID_REASON": "V",
        "INVALID_REASON_CAPTION": "Valid",
        "STANDARD_CONCEPT": "C",
        "STANDARD_CONCEPT_CAPTION": "Classification",
        "VOCABULARY_ID": "CPT4",
        "VALID_START_DATE": "",
        "VALID_END_DATE": ""
      },
      "isExcluded": false,
      "includeDescendants": true,
      "includeMapped": false
    },
    {
      "concept": {
        "CONCEPT_CLASS_ID": "Procedure",
        "CONCEPT_CODE": "447113005",
        "CONCEPT_ID": 3274567,
        "CONCEPT_NAME": "12 lead electrocardiogram at rest",
        "DOMAIN_ID": "Procedure",
        "INVALID_REASON": "V",
        "INVALID_REASON_CAPTION": "Valid",
        "STANDARD_CONCEPT": "N",
        "STANDARD_CONCEPT_CAPTION": "Non-Standard",
        "VOCABULARY_ID": "Nebraska Lexicon",
        "VALID_START_DATE": "",
        "VALID_END_DATE": ""
      },
      "isExcluded": false,
      "includeDescendants": true,
      "includeMapped": false
    },
    {
      "concept": {
        "CONCEPT_CLASS_ID": "Clinical Observation",
        "CONCEPT_CODE": "58253-6",
        "CONCEPT_ID": 40761354,
        "CONCEPT_NAME": "Electrocardiograms recorded",
        "DOMAIN_ID": "Observation",
        "INVALID_REASON": "V",
        "INVALID_REASON_CAPTION": "Valid",
        "STANDARD_CONCEPT": "S",
        "STANDARD_CONCEPT_CAPTION": "Standard",
        "VOCABULARY_ID": "LOINC",
        "VALID_START_DATE": "",
        "VALID_END_DATE": ""
      },
      "isExcluded": false,
      "includeDescendants": true,
      "includeMapped": false
    }
  ]
}
