{
  "items": [
    {
      "concept": {
        "CONCEPT_CLASS_ID": "CPT4 Hierarchy",
        "CONCEPT_CODE": "1013711",
        "CONCEPT_ID": 45890237,
        "CONCEPT_NAME": "Emergency Department Services",
        "DOMAIN_ID": "Observation",
        "INVALID_REASON": "V",
        "INVALID_REASON_CAPTION": "Valid",
        "STANDARD_CONCEPT": "C",
        "STANDARD_CONCEPT_CAPTION": "Classification",
        "VOCABULARY_ID": "CPT4",
        "VALID_START_DATE": "",
        "VALID_END_DATE": ""
      },
      "isExcluded": false,
      "includeDescendants": true,
      "includeMapped": false
    },
    {
      "concept": {
        "CONCEPT_CLASS_ID": "CPT4",
        "CONCEPT_CODE": "4084F",
        "CONCEPT_ID": 2108611,
        "CONCEPT_NAME": "Aspirin received within 24 hours before emergency department arrival or during emergency department stay (EM)",
        "DOMAIN_ID": "Observation",
        "INVALID_REASON": "V",
        "INVALID_REASON_CAPTION": "Valid",
        "STANDARD_CONCEPT": "S",
        "STANDARD_CONCEPT_CAPTION": "Standard",
        "VOCABULARY_ID": "CPT4",
        "VALID_START_DATE": "",
        "VALID_END_DATE": ""
      },
      "isExcluded": false,
      "includeDescendants": true,
      "includeMapped": false
    },
    {
      "concept": {
        "CONCEPT_CLASS_ID": "Procedure",
        "CONCEPT_CODE": "4525004",
        "CONCEPT_ID": 4163685,
        "CONCEPT_NAME": "Emergency department patient visit",
        "DOMAIN_ID": "Observation",
        "INVALID_REASON": "V",
        "INVALID_REASON_CAPTION": "Valid",
        "STANDARD_CONCEPT": "S",
        "STANDARD_CONCEPT_CAPTION": "Standard",
        "VOCABULARY_ID": "SNOMED",
        "VALID_START_DATE": "",
        "VALID_END_DATE": ""
      },
      "isExcluded": false,
      "includeDescendants": true,
      "includeMapped": false
    }
  ]
}
