{
  "items": [
    {
      "concept": {
        "CONCEPT_CLASS_ID": "Ingredient",
        "CONCEPT_CODE": "1656052",
        "CONCEPT_ID": 46275677,
        "CONCEPT_NAME": "cangrelor",
        "DOMAIN_ID": "Drug",
        "INVALID_REASON": "V",
        "INVALID_REASON_CAPTION": "Valid",
        "STANDARD_CONCEPT": "S",
        "STANDARD_CONCEPT_CAPTION": "Standard",
        "VOCABULARY_ID": "RxNorm",
        "VALID_START_DATE": "2015-09-07",
        "VALID_END_DATE": "2099-12-30"
      },
      "isExcluded": false,
      "includeDescendants": false,
      "includeMapped": false
    },
    {
      "concept": {
        "CONCEPT_CLASS_ID": "Clinical Drug Comp",
        "CONCEPT_CODE": "1656053",
        "CONCEPT_ID": 46275678,
        "CONCEPT_NAME": "cangrelor 50 MG",
        "DOMAIN_ID": "Drug",
        "INVALID_REASON": "V",
        "INVALID_REASON_CAPTION": "Valid",
        "STANDARD_CONCEPT": "S",
        "STANDARD_CONCEPT_CAPTION": "Standard",
        "VOCABULARY_ID": "RxNorm",
        "VALID_START_DATE": "2015-09-07",
        "VALID_END_DATE": "2099-12-30"
      },
      "isExcluded": false,
      "includeDescendants": false,
      "includeMapped": false
    },
    {
      "concept": {
        "CONCEPT_CLASS_ID": "Clinical Drug",
        "CONCEPT_CODE": "1656056",
        "CONCEPT_ID": 46275680,
        "CONCEPT_NAME": "cangrelor 50 MG Injection",
        "DOMAIN_ID": "Drug",
        "INVALID_REASON": "V",
        "INVALID_REASON_CAPTION": "Valid",
        "STANDARD_CONCEPT": "S",
        "STANDARD_CONCEPT_CAPTION": "Standard",
        "VOCABULARY_ID": "RxNorm",
        "VALID_START_DATE": "2015-09-07",
        "VALID_END_DATE": "2099-12-30"
      },
      "isExcluded": false,
      "includeDescendants": false,
      "includeMapped": false
    },
    {
      "concept": {
        "CONCEPT_CLASS_ID": "Branded Drug",
        "CONCEPT_CODE": "1656061",
        "CONCEPT_ID": 46275684,
        "CONCEPT_NAME": "cangrelor 50 MG Injection [Kengreal]",
        "DOMAIN_ID": "Drug",
        "INVALID_REASON": "V",
        "INVALID_REASON_CAPTION": "Valid",
        "STANDARD_CONCEPT": "S",
        "STANDARD_CONCEPT_CAPTION": "Standard",
        "VOCABULARY_ID": "RxNorm",
        "VALID_START_DATE": "2015-09-07",
        "VALID_END_DATE": "2099-12-30"
      },
      "isExcluded": false,
      "includeDescendants": false,
      "includeMapped": false
    },
    {
      "concept": {
        "CONCEPT_CLASS_ID": "Branded Drug Comp",
        "CONCEPT_CODE": "1656058",
        "CONCEPT_ID": 46275682,
        "CONCEPT_NAME": "cangrelor 50 MG [Kengreal]",
        "DOMAIN_ID": "Drug",
        "INVALID_REASON": "V",
        "INVALID_REASON_CAPTION": "Valid",
        "STANDARD_CONCEPT": "S",
        "STANDARD_CONCEPT_CAPTION": "Standard",
        "VOCABULARY_ID": "RxNorm",
        "VALID_START_DATE": "2015-09-07",
        "VALID_END_DATE": "2099-12-30"
      },
      "isExcluded": false,
      "includeDescendants": false,
      "includeMapped": false
    },
    {
      "concept": {
        "CONCEPT_CLASS_ID": "Clinical Dose Group",
        "CONCEPT_CODE": "1656054",
        "CONCEPT_ID": 36248638,
        "CONCEPT_NAME": "cangrelor Injectable Product",
        "DOMAIN_ID": "Drug",
        "INVALID_REASON": "V",
        "INVALID_REASON_CAPTION": "Valid",
        "STANDARD_CONCEPT": "C",
        "STANDARD_CONCEPT_CAPTION": "Classification",
        "VOCABULARY_ID": "RxNorm",
        "VALID_START_DATE": "2016-07-31",
        "VALID_END_DATE": "2099-12-30"
      },
      "isExcluded": false,
      "includeDescendants": false,
      "includeMapped": false
    },
    {
      "concept": {
        "CONCEPT_CLASS_ID": "Clinical Drug Form",
        "CONCEPT_CODE": "1656055",
        "CONCEPT_ID": 46275679,
        "CONCEPT_NAME": "cangrelor Injection",
        "DOMAIN_ID": "Drug",
        "INVALID_REASON": "V",
        "INVALID_REASON_CAPTION": "Valid",
        "STANDARD_CONCEPT": "S",
        "STANDARD_CONCEPT_CAPTION": "Standard",
        "VOCABULARY_ID": "RxNorm",
        "VALID_START_DATE": "2015-09-07",
        "VALID_END_DATE": "2099-12-30"
      },
      "isExcluded": false,
      "includeDescendants": false,
      "includeMapped": false
    },
    {
      "concept": {
        "CONCEPT_CLASS_ID": "Branded Drug Form",
        "CONCEPT_CODE": "1656059",
        "CONCEPT_ID": 46275683,
        "CONCEPT_NAME": "cangrelor Injection [Kengreal]",
        "DOMAIN_ID": "Drug",
        "INVALID_REASON": "V",
        "INVALID_REASON_CAPTION": "Valid",
        "STANDARD_CONCEPT": "S",
        "STANDARD_CONCEPT_CAPTION": "Standard",
        "VOCABULARY_ID": "RxNorm",
        "VALID_START_DATE": "2015-09-07",
        "VALID_END_DATE": "2099-12-30"
      },
      "isExcluded": false,
      "includeDescendants": false,
      "includeMapped": false
    },
    {
      "concept": {
        "CONCEPT_CLASS_ID": "Precise Ingredient",
        "CONCEPT_CODE": "1656051",
        "CONCEPT_ID": 46275676,
        "CONCEPT_NAME": "cangrelor tetrasodium",
        "DOMAIN_ID": "Drug",
        "INVALID_REASON": "V",
        "INVALID_REASON_CAPTION": "Valid",
        "STANDARD_CONCEPT": "N",
        "STANDARD_CONCEPT_CAPTION": "Non-Standard",
        "VOCABULARY_ID": "RxNorm",
        "VALID_START_DATE": "2015-09-07",
        "VALID_END_DATE": "2099-12-30"
      },
      "isExcluded": false,
      "includeDescendants": false,
      "includeMapped": false
    },
    {
      "concept": {
        "CONCEPT_CLASS_ID": "Ingredient",
        "CONCEPT_CODE": "32968",
        "CONCEPT_ID": 1322184,
        "CONCEPT_NAME": "clopidogrel",
        "DOMAIN_ID": "Drug",
        "INVALID_REASON": "V",
        "INVALID_REASON_CAPTION": "Valid",
        "STANDARD_CONCEPT": "S",
        "STANDARD_CONCEPT_CAPTION": "Standard",
        "VOCABULARY_ID": "RxNorm",
        "VALID_START_DATE": "1969-12-31",
        "VALID_END_DATE": "2099-12-30"
      },
      "isExcluded": false,
      "includeDescendants": false,
      "includeMapped": false
    },
    {
      "concept": {
        "CONCEPT_CLASS_ID": "Clinical Drug Comp",
        "CONCEPT_CODE": "749195",
        "CONCEPT_ID": 1322188,
        "CONCEPT_NAME": "clopidogrel 300 MG",
        "DOMAIN_ID": "Drug",
        "INVALID_REASON": "V",
        "INVALID_REASON_CAPTION": "Valid",
        "STANDARD_CONCEPT": "S",
        "STANDARD_CONCEPT_CAPTION": "Standard",
        "VOCABULARY_ID": "RxNorm",
        "VALID_START_DATE": "2007-12-29",
        "VALID_END_DATE": "2099-12-30"
      },
      "isExcluded": false,
      "includeDescendants": false,
      "includeMapped": false
    },
    {
      "concept": {
        "CONCEPT_CLASS_ID": "Clinical Drug",
        "CONCEPT_CODE": "749196",
        "CONCEPT_ID": 1322189,
        "CONCEPT_NAME": "clopidogrel 300 MG Oral Tablet",
        "DOMAIN_ID": "Drug",
        "INVALID_REASON": "V",
        "INVALID_REASON_CAPTION": "Valid",
        "STANDARD_CONCEPT": "S",
        "STANDARD_CONCEPT_CAPTION": "Standard",
        "VOCABULARY_ID": "RxNorm",
        "VALID_START_DATE": "2007-12-29",
        "VALID_END_DATE": "2099-12-30"
      },
      "isExcluded": false,
      "includeDescendants": false,
      "includeMapped": false
    },
    {
      "concept": {
        "CONCEPT_CLASS_ID": "Branded Drug",
        "CONCEPT_CODE": "749198",
        "CONCEPT_ID": 1322190,
        "CONCEPT_NAME": "clopidogrel 300 MG Oral Tablet [Plavix]",
        "DOMAIN_ID": "Drug",
        "INVALID_REASON": "V",
        "INVALID_REASON_CAPTION": "Valid",
        "STANDARD_CONCEPT": "S",
        "STANDARD_CONCEPT_CAPTION": "Standard",
        "VOCABULARY_ID": "RxNorm",
        "VALID_START_DATE": "2007-12-29",
        "VALID_END_DATE": "2099-12-30"
      },
      "isExcluded": false,
      "includeDescendants": false,
      "includeMapped": false
    },
    {
      "concept": {
        "CONCEPT_CLASS_ID": "Branded Drug Comp",
        "CONCEPT_CODE": "749197",
        "CONCEPT_ID": 19030330,
        "CONCEPT_NAME": "clopidogrel 300 MG [Plavix]",
        "DOMAIN_ID": "Drug",
        "INVALID_REASON": "V",
        "INVALID_REASON_CAPTION": "Valid",
        "STANDARD_CONCEPT": "S",
        "STANDARD_CONCEPT_CAPTION": "Standard",
        "VOCABULARY_ID": "RxNorm",
        "VALID_START_DATE": "2007-12-29",
        "VALID_END_DATE": "2099-12-30"
      },
      "isExcluded": false,
      "includeDescendants": false,
      "includeMapped": false
    },
    {
      "concept": {
        "CONCEPT_CLASS_ID": "Clinical Drug Comp",
        "CONCEPT_CODE": "329449",
        "CONCEPT_ID": 1322187,
        "CONCEPT_NAME": "clopidogrel 75 MG",
        "DOMAIN_ID": "Drug",
        "INVALID_REASON": "V",
        "INVALID_REASON_CAPTION": "Valid",
        "STANDARD_CONCEPT": "S",
        "STANDARD_CONCEPT_CAPTION": "Standard",
        "VOCABULARY_ID": "RxNorm",
        "VALID_START_DATE": "1969-12-31",
        "VALID_END_DATE": "2099-12-30"
      },
      "isExcluded": false,
      "includeDescendants": false,
      "includeMapped": false
    },
    {
      "concept": {
        "CONCEPT_CLASS_ID": "Clinical Drug",
        "CONCEPT_CODE": "309362",
        "CONCEPT_ID": 19075601,
        "CONCEPT_NAME": "clopidogrel 75 MG Oral Tablet",
        "DOMAIN_ID": "Drug",
        "INVALID_REASON": "V",
        "INVALID_REASON_CAPTION": "Valid",
        "STANDARD_CONCEPT": "S",
        "STANDARD_CONCEPT_CAPTION": "Standard",
        "VOCABULARY_ID": "RxNorm",
        "VALID_START_DATE": "1969-12-31",
        "VALID_END_DATE": "2099-12-30"
      },
      "isExcluded": false,
      "includeDescendants": false,
      "includeMapped": false
    },
    {
      "concept": {
        "CONCEPT_CLASS_ID": "Branded Drug",
        "CONCEPT_CODE": "213169",
        "CONCEPT_ID": 1322185,
        "CONCEPT_NAME": "clopidogrel 75 MG Oral Tablet [Plavix]",
        "DOMAIN_ID": "Drug",
        "INVALID_REASON": "V",
        "INVALID_REASON_CAPTION": "Valid",
        "STANDARD_CONCEPT": "S",
        "STANDARD_CONCEPT_CAPTION": "Standard",
        "VOCABULARY_ID": "RxNorm",
        "VALID_START_DATE": "1969-12-31",
        "VALID_END_DATE": "2099-12-30"
      },
      "isExcluded": false,
      "includeDescendants": false,
      "includeMapped": false
    },
    {
      "concept": {
        "CONCEPT_CLASS_ID": "Branded Drug Comp",
        "CONCEPT_CODE": "573094",
        "CONCEPT_ID": 19120256,
        "CONCEPT_NAME": "clopidogrel 75 MG [Plavix]",
        "DOMAIN_ID": "Drug",
        "INVALID_REASON": "V",
        "INVALID_REASON_CAPTION": "Valid",
        "STANDARD_CONCEPT": "S",
        "STANDARD_CONCEPT_CAPTION": "Standard",
        "VOCABULARY_ID": "RxNorm",
        "VALID_START_DATE": "2005-09-10",
        "VALID_END_DATE": "2099-12-30"
      },
      "isExcluded": false,
      "includeDescendants": false,
      "includeMapped": false
    },
    {
      "concept": {
        "CONCEPT_CLASS_ID": "Precise Ingredient",
        "CONCEPT_CODE": "236991",
        "CONCEPT_ID": 46274164,
        "CONCEPT_NAME": "clopidogrel bisulfate",
        "DOMAIN_ID": "Drug",
        "INVALID_REASON": "V",
        "INVALID_REASON_CAPTION": "Valid",
        "STANDARD_CONCEPT": "N",
        "STANDARD_CONCEPT_CAPTION": "Non-Standard",
        "VOCABULARY_ID": "RxNorm",
        "VALID_START_DATE": "2015-09-07",
        "VALID_END_DATE": "2099-12-30"
      },
      "isExcluded": false,
      "includeDescendants": false,
      "includeMapped": false
    },
    {
      "concept": {
        "CONCEPT_CLASS_ID": "Clinical Dose Group",
        "CONCEPT_CODE": "1163766",
        "CONCEPT_ID": 36222254,
        "CONCEPT_NAME": "clopidogrel Oral Product",
        "DOMAIN_ID": "Drug",
        "INVALID_REASON": "V",
        "INVALID_REASON_CAPTION": "Valid",
        "STANDARD_CONCEPT": "C",
        "STANDARD_CONCEPT_CAPTION": "Classification",
        "VOCABULARY_ID": "RxNorm",
        "VALID_START_DATE": "2016-07-31",
        "VALID_END_DATE": "2099-12-30"
      },
      "isExcluded": false,
      "includeDescendants": false,
      "includeMapped": false
    },
    {
      "concept": {
        "CONCEPT_CLASS_ID": "Clinical Drug Form",
        "CONCEPT_CODE": "374583",
        "CONCEPT_ID": 40095878,
        "CONCEPT_NAME": "clopidogrel Oral Tablet",
        "DOMAIN_ID": "Drug",
        "INVALID_REASON": "V",
        "INVALID_REASON_CAPTION": "Valid",
        "STANDARD_CONCEPT": "S",
        "STANDARD_CONCEPT_CAPTION": "Standard",
        "VOCABULARY_ID": "RxNorm",
        "VALID_START_DATE": "1969-12-31",
        "VALID_END_DATE": "2099-12-30"
      },
      "isExcluded": false,
      "includeDescendants": false,
      "includeMapped": false
    },
    {
      "concept": {
        "CONCEPT_CLASS_ID": "Branded Drug Form",
        "CONCEPT_CODE": "368301",
        "CONCEPT_ID": 40095879,
        "CONCEPT_NAME": "clopidogrel Oral Tablet [Plavix]",
        "DOMAIN_ID": "Drug",
        "INVALID_REASON": "V",
        "INVALID_REASON_CAPTION": "Valid",
        "STANDARD_CONCEPT": "S",
        "STANDARD_CONCEPT_CAPTION": "Standard",
        "VOCABULARY_ID": "RxNorm",
        "VALID_START_DATE": "1969-12-31",
        "VALID_END_DATE": "2099-12-30"
      },
      "isExcluded": false,
      "includeDescendants": false,
      "includeMapped": false
    },
    {
      "concept": {
        "CONCEPT_CLASS_ID": "Clinical Dose Group",
        "CONCEPT_CODE": "1163767",
        "CONCEPT_ID": 36222255,
        "CONCEPT_NAME": "clopidogrel Pill",
        "DOMAIN_ID": "Drug",
        "INVALID_REASON": "V",
        "INVALID_REASON_CAPTION": "Valid",
        "STANDARD_CONCEPT": "C",
        "STANDARD_CONCEPT_CAPTION": "Classification",
        "VOCABULARY_ID": "RxNorm",
        "VALID_START_DATE": "2016-07-31",
        "VALID_END_DATE": "2099-12-30"
      },
      "isExcluded": false,
      "includeDescendants": false,
      "includeMapped": false
    },
    {
      "concept": {
        "CONCEPT_CLASS_ID": "Ingredient",
        "CONCEPT_CODE": "1116632",
        "CONCEPT_ID": 40241186,
        "CONCEPT_NAME": "ticagrelor",
        "DOMAIN_ID": "Drug",
        "INVALID_REASON": "V",
        "INVALID_REASON_CAPTION": "Valid",
        "STANDARD_CONCEPT": "S",
        "STANDARD_CONCEPT_CAPTION": "Standard",
        "VOCABULARY_ID": "RxNorm",
        "VALID_START_DATE": "2011-07-30",
        "VALID_END_DATE": "2099-12-30"
      },
      "isExcluded": false,
      "includeDescendants": false,
      "includeMapped": false
    },
    {
      "concept": {
        "CONCEPT_CLASS_ID": "Clinical Drug Comp",
        "CONCEPT_CODE": "1666331",
        "CONCEPT_ID": 46287537,
        "CONCEPT_NAME": "ticagrelor 60 MG",
        "DOMAIN_ID": "Drug",
        "INVALID_REASON": "V",
        "INVALID_REASON_CAPTION": "Valid",
        "STANDARD_CONCEPT": "S",
        "STANDARD_CONCEPT_CAPTION": "Standard",
        "VOCABULARY_ID": "RxNorm",
        "VALID_START_DATE": "2015-10-04",
        "VALID_END_DATE": "2099-12-30"
      },
      "isExcluded": false,
      "includeDescendants": false,
      "includeMapped": false
    },
    {
      "concept": {
        "CONCEPT_CLASS_ID": "Branded Drug Comp",
        "CONCEPT_CODE": "1666333",
        "CONCEPT_ID": 46287539,
        "CONCEPT_NAME": "ticagrelor 60 MG [Brilinta]",
        "DOMAIN_ID": "Drug",
        "INVALID_REASON": "V",
        "INVALID_REASON_CAPTION": "Valid",
        "STANDARD_CONCEPT": "S",
        "STANDARD_CONCEPT_CAPTION": "Standard",
        "VOCABULARY_ID": "RxNorm",
        "VALID_START_DATE": "2015-10-04",
        "VALID_END_DATE": "2099-12-30"
      },
      "isExcluded": false,
      "includeDescendants": false,
      "includeMapped": false
    },
    {
      "concept": {
        "CONCEPT_CLASS_ID": "Clinical Drug",
        "CONCEPT_CODE": "1666332",
        "CONCEPT_ID": 46287538,
        "CONCEPT_NAME": "ticagrelor 60 MG Oral Tablet",
        "DOMAIN_ID": "Drug",
        "INVALID_REASON": "V",
        "INVALID_REASON_CAPTION": "Valid",
        "STANDARD_CONCEPT": "S",
        "STANDARD_CONCEPT_CAPTION": "Standard",
        "VOCABULARY_ID": "RxNorm",
        "VALID_START_DATE": "2015-10-04",
        "VALID_END_DATE": "2099-12-30"
      },
      "isExcluded": false,
      "includeDescendants": false,
      "includeMapped": false
    },
    {
      "concept": {
        "CONCEPT_CLASS_ID": "Branded Drug",
        "CONCEPT_CODE": "1666334",
        "CONCEPT_ID": 46287540,
        "CONCEPT_NAME": "ticagrelor 60 MG Oral Tablet [Brilinta]",
        "DOMAIN_ID": "Drug",
        "INVALID_REASON": "V",
        "INVALID_REASON_CAPTION": "Valid",
        "STANDARD_CONCEPT": "S",
        "STANDARD_CONCEPT_CAPTION": "Standard",
        "VOCABULARY_ID": "RxNorm",
        "VALID_START_DATE": "2015-10-04",
        "VALID_END_DATE": "2099-12-30"
      },
      "isExcluded": false,
      "includeDescendants": false,
      "includeMapped": false
    },
    {
      "concept": {
        "CONCEPT_CLASS_ID": "Clinical Drug Comp",
        "CONCEPT_CODE": "1116633",
        "CONCEPT_ID": 40241187,
        "CONCEPT_NAME": "ticagrelor 90 MG",
        "DOMAIN_ID": "Drug",
        "INVALID_REASON": "V",
        "INVALID_REASON_CAPTION": "Valid",
        "STANDARD_CONCEPT": "S",
        "STANDARD_CONCEPT_CAPTION": "Standard",
        "VOCABULARY_ID": "RxNorm",
        "VALID_START_DATE": "2011-07-30",
        "VALID_END_DATE": "2099-12-30"
      },
      "isExcluded": false,
      "includeDescendants": false,
      "includeMapped": false
    },
    {
      "concept": {
        "CONCEPT_CLASS_ID": "Branded Drug Comp",
        "CONCEPT_CODE": "1116637",
        "CONCEPT_ID": 40241190,
        "CONCEPT_NAME": "ticagrelor 90 MG [Brilinta]",
        "DOMAIN_ID": "Drug",
        "INVALID_REASON": "V",
        "INVALID_REASON_CAPTION": "Valid",
        "STANDARD_CONCEPT": "S",
        "STANDARD_CONCEPT_CAPTION": "Standard",
        "VOCABULARY_ID": "RxNorm",
        "VALID_START_DATE": "2011-07-30",
        "VALID_END_DATE": "2099-12-30"
      },
      "isExcluded": false,
      "includeDescendants": false,
      "includeMapped": false
    },
    {
      "concept": {
        "CONCEPT_CLASS_ID": "Clinical Drug",
        "CONCEPT_CODE": "1116635",
        "CONCEPT_ID": 40241188,
        "CONCEPT_NAME": "ticagrelor 90 MG Oral Tablet",
        "DOMAIN_ID": "Drug",
        "INVALID_REASON": "V",
        "INVALID_REASON_CAPTION": "Valid",
        "STANDARD_CONCEPT": "S",
        "STANDARD_CONCEPT_CAPTION": "Standard",
        "VOCABULARY_ID": "RxNorm",
        "VALID_START_DATE": "2011-07-30",
        "VALID_END_DATE": "2099-12-30"
      },
      "isExcluded": false,
      "includeDescendants": false,
      "includeMapped": false
    },
    {
      "concept": {
        "CONCEPT_CLASS_ID": "Branded Drug",
        "CONCEPT_CODE": "1116639",
        "CONCEPT_ID": 40241189,
        "CONCEPT_NAME": "ticagrelor 90 MG Oral Tablet [Brilinta]",
        "DOMAIN_ID": "Drug",
        "INVALID_REASON": "V",
        "INVALID_REASON_CAPTION": "Valid",
        "STANDARD_CONCEPT": "S",
        "STANDARD_CONCEPT_CAPTION": "Standard",
        "VOCABULARY_ID": "RxNorm",
        "VALID_START_DATE": "2011-07-30",
        "VALID_END_DATE": "2099-12-30"
      },
      "isExcluded": false,
      "includeDescendants": false,
      "includeMapped": false
    },
    {
      "concept": {
        "CONCEPT_CLASS_ID": "Clinical Dose Group",
        "CONCEPT_CODE": "1157089",
        "CONCEPT_ID": 36212875,
        "CONCEPT_NAME": "ticagrelor Oral Product",
        "DOMAIN_ID": "Drug",
        "INVALID_REASON": "V",
        "INVALID_REASON_CAPTION": "Valid",
        "STANDARD_CONCEPT": "C",
        "STANDARD_CONCEPT_CAPTION": "Classification",
        "VOCABULARY_ID": "RxNorm",
        "VALID_START_DATE": "2016-07-31",
        "VALID_END_DATE": "2099-12-30"
      },
      "isExcluded": false,
      "includeDescendants": false,
      "includeMapped": false
    },
    {
      "concept": {
        "CONCEPT_CLASS_ID": "Clinical Drug Form",
        "CONCEPT_CODE": "1116634",
        "CONCEPT_ID": 40241191,
        "CONCEPT_NAME": "ticagrelor Oral Tablet",
        "DOMAIN_ID": "Drug",
        "INVALID_REASON": "V",
        "INVALID_REASON_CAPTION": "Valid",
        "STANDARD_CONCEPT": "S",
        "STANDARD_CONCEPT_CAPTION": "Standard",
        "VOCABULARY_ID": "RxNorm",
        "VALID_START_DATE": "2011-07-30",
        "VALID_END_DATE": "2099-12-30"
      },
      "isExcluded": false,
      "includeDescendants": false,
      "includeMapped": false
    },
    {
      "concept": {
        "CONCEPT_CLASS_ID": "Branded Drug Form",
        "CONCEPT_CODE": "1116638",
        "CONCEPT_ID": 40241192,
        "CONCEPT_NAME": "ticagrelor Oral Tablet [Brilinta]",
        "DOMAIN_ID": "Drug",
        "INVALID_REASON": "V",
        "INVALID_REASON_CAPTION": "Valid",
        "STANDARD_CONCEPT": "S",
        "STANDARD_CONCEPT_CAPTION": "Standard",
        "VOCABULARY_ID": "RxNorm",
        "VALID_START_DATE": "2011-07-30",
        "VALID_END_DATE": "2099-12-30"
      },
      "isExcluded": false,
      "includeDescendants": false,
      "includeMapped": false
    },
    {
      "concept": {
        "CONCEPT_CLASS_ID": "Clinical Dose Group",
        "CONCEPT_CODE": "1157090",
        "CONCEPT_ID": 36212876,
        "CONCEPT_NAME": "ticagrelor Pill",
        "DOMAIN_ID": "Drug",
        "INVALID_REASON": "V",
        "INVALID_REASON_CAPTION": "Valid",
        "STANDARD_CONCEPT": "C",
        "STANDARD_CONCEPT_CAPTION": "Classification",
        "VOCABULARY_ID": "RxNorm",
        "VALID_START_DATE": "2016-07-31",
        "VALID_END_DATE": "2099-12-30"
      },
      "isExcluded": false,
      "includeDescendants": false,
      "includeMapped": false
    },
    {
      "concept": {
        "CONCEPT_CLASS_ID": "Ingredient",
        "CONCEPT_CODE": "613391",
        "CONCEPT_ID": 40163718,
        "CONCEPT_NAME": "prasugrel",
        "DOMAIN_ID": "Drug",
        "INVALID_REASON": "V",
        "INVALID_REASON_CAPTION": "Valid",
        "STANDARD_CONCEPT": "S",
        "STANDARD_CONCEPT_CAPTION": "Standard",
        "VOCABULARY_ID": "RxNorm",
        "VALID_START_DATE": "2009-08-01",
        "VALID_END_DATE": "2099-12-30"
      },
      "isExcluded": false,
      "includeDescendants": false,
      "includeMapped": false
    },
    {
      "concept": {
        "CONCEPT_CLASS_ID": "Clinical Drug Comp",
        "CONCEPT_CODE": "855810",
        "CONCEPT_ID": 40163719,
        "CONCEPT_NAME": "prasugrel 10 MG",
        "DOMAIN_ID": "Drug",
        "INVALID_REASON": "V",
        "INVALID_REASON_CAPTION": "Valid",
        "STANDARD_CONCEPT": "S",
        "STANDARD_CONCEPT_CAPTION": "Standard",
        "VOCABULARY_ID": "RxNorm",
        "VALID_START_DATE": "2009-08-01",
        "VALID_END_DATE": "2099-12-30"
      },
      "isExcluded": false,
      "includeDescendants": false,
      "includeMapped": false
    },
    {
      "concept": {
        "CONCEPT_CLASS_ID": "Branded Drug Comp",
        "CONCEPT_CODE": "855814",
        "CONCEPT_ID": 40163722,
        "CONCEPT_NAME": "prasugrel 10 MG [Effient]",
        "DOMAIN_ID": "Drug",
        "INVALID_REASON": "V",
        "INVALID_REASON_CAPTION": "Valid",
        "STANDARD_CONCEPT": "S",
        "STANDARD_CONCEPT_CAPTION": "Standard",
        "VOCABULARY_ID": "RxNorm",
        "VALID_START_DATE": "2009-08-01",
        "VALID_END_DATE": "2099-12-30"
      },
      "isExcluded": false,
      "includeDescendants": false,
      "includeMapped": false
    },
    {
      "concept": {
        "CONCEPT_CLASS_ID": "Clinical Drug",
        "CONCEPT_CODE": "855812",
        "CONCEPT_ID": 40163720,
        "CONCEPT_NAME": "prasugrel 10 MG Oral Tablet",
        "DOMAIN_ID": "Drug",
        "INVALID_REASON": "V",
        "INVALID_REASON_CAPTION": "Valid",
        "STANDARD_CONCEPT": "S",
        "STANDARD_CONCEPT_CAPTION": "Standard",
        "VOCABULARY_ID": "RxNorm",
        "VALID_START_DATE": "2009-08-01",
        "VALID_END_DATE": "2099-12-30"
      },
      "isExcluded": false,
      "includeDescendants": false,
      "includeMapped": false
    },
    {
      "concept": {
        "CONCEPT_CLASS_ID": "Branded Drug",
        "CONCEPT_CODE": "855816",
        "CONCEPT_ID": 40163721,
        "CONCEPT_NAME": "prasugrel 10 MG Oral Tablet [Effient]",
        "DOMAIN_ID": "Drug",
        "INVALID_REASON": "V",
        "INVALID_REASON_CAPTION": "Valid",
        "STANDARD_CONCEPT": "S",
        "STANDARD_CONCEPT_CAPTION": "Standard",
        "VOCABULARY_ID": "RxNorm",
        "VALID_START_DATE": "2009-08-01",
        "VALID_END_DATE": "2099-12-30"
      },
      "isExcluded": false,
      "includeDescendants": false,
      "includeMapped": false
    },
    {
      "concept": {
        "CONCEPT_CLASS_ID": "Clinical Drug Comp",
        "CONCEPT_CODE": "855817",
        "CONCEPT_ID": 40163723,
        "CONCEPT_NAME": "prasugrel 5 MG",
        "DOMAIN_ID": "Drug",
        "INVALID_REASON": "V",
        "INVALID_REASON_CAPTION": "Valid",
        "STANDARD_CONCEPT": "S",
        "STANDARD_CONCEPT_CAPTION": "Standard",
        "VOCABULARY_ID": "RxNorm",
        "VALID_START_DATE": "2009-08-01",
        "VALID_END_DATE": "2099-12-30"
      },
      "isExcluded": false,
      "includeDescendants": false,
      "includeMapped": false
    },
    {
      "concept": {
        "CONCEPT_CLASS_ID": "Branded Drug Comp",
        "CONCEPT_CODE": "855819",
        "CONCEPT_ID": 40163726,
        "CONCEPT_NAME": "prasugrel 5 MG [Effient]",
        "DOMAIN_ID": "Drug",
        "INVALID_REASON": "V",
        "INVALID_REASON_CAPTION": "Valid",
        "STANDARD_CONCEPT": "S",
        "STANDARD_CONCEPT_CAPTION": "Standard",
        "VOCABULARY_ID": "RxNorm",
        "VALID_START_DATE": "2009-08-01",
        "VALID_END_DATE": "2099-12-30"
      },
      "isExcluded": false,
      "includeDescendants": false,
      "includeMapped": false
    },
    {
      "concept": {
        "CONCEPT_CLASS_ID": "Clinical Drug",
        "CONCEPT_CODE": "855818",
        "CONCEPT_ID": 40163724,
        "CONCEPT_NAME": "prasugrel 5 MG Oral Tablet",
        "DOMAIN_ID": "Drug",
        "INVALID_REASON": "V",
        "INVALID_REASON_CAPTION": "Valid",
        "STANDARD_CONCEPT": "S",
        "STANDARD_CONCEPT_CAPTION": "Standard",
        "VOCABULARY_ID": "RxNorm",
        "VALID_START_DATE": "2009-08-01",
        "VALID_END_DATE": "2099-12-30"
      },
      "isExcluded": false,
      "includeDescendants": false,
      "includeMapped": false
    },
    {
      "concept": {
        "CONCEPT_CLASS_ID": "Branded Drug",
        "CONCEPT_CODE": "855820",
        "CONCEPT_ID": 40163725,
        "CONCEPT_NAME": "prasugrel 5 MG Oral Tablet [Effient]",
        "DOMAIN_ID": "Drug",
        "INVALID_REASON": "V",
        "INVALID_REASON_CAPTION": "Valid",
        "STANDARD_CONCEPT": "S",
        "STANDARD_CONCEPT_CAPTION": "Standard",
        "VOCABULARY_ID": "RxNorm",
        "VALID_START_DATE": "2009-08-01",
        "VALID_END_DATE": "2099-12-30"
      },
      "isExcluded": false,
      "includeDescendants": false,
      "includeMapped": false
    },
    {
      "concept": {
        "CONCEPT_CLASS_ID": "Precise Ingredient",
        "CONCEPT_CODE": "847020",
        "CONCEPT_ID": 46274175,
        "CONCEPT_NAME": "prasugrel hydrochloride",
        "DOMAIN_ID": "Drug",
        "INVALID_REASON": "V",
        "INVALID_REASON_CAPTION": "Valid",
        "STANDARD_CONCEPT": "N",
        "STANDARD_CONCEPT_CAPTION": "Non-Standard",
        "VOCABULARY_ID": "RxNorm",
        "VALID_START_DATE": "2015-09-07",
        "VALID_END_DATE": "2099-12-30"
      },
      "isExcluded": false,
      "includeDescendants": false,
      "includeMapped": false
    },
    {
      "concept": {
        "CONCEPT_CLASS_ID": "Clinical Dose Group",
        "CONCEPT_CODE": "1165745",
        "CONCEPT_ID": 36220898,
        "CONCEPT_NAME": "prasugrel Oral Product",
        "DOMAIN_ID": "Drug",
        "INVALID_REASON": "V",
        "INVALID_REASON_CAPTION": "Valid",
        "STANDARD_CONCEPT": "C",
        "STANDARD_CONCEPT_CAPTION": "Classification",
        "VOCABULARY_ID": "RxNorm",
        "VALID_START_DATE": "2016-07-31",
        "VALID_END_DATE": "2099-12-30"
      },
      "isExcluded": false,
      "includeDescendants": false,
      "includeMapped": false
    },
    {
      "concept": {
        "CONCEPT_CLASS_ID": "Clinical Drug Form",
        "CONCEPT_CODE": "855811",
        "CONCEPT_ID": 40163727,
        "CONCEPT_NAME": "prasugrel Oral Tablet",
        "DOMAIN_ID": "Drug",
        "INVALID_REASON": "V",
        "INVALID_REASON_CAPTION": "Valid",
        "STANDARD_CONCEPT": "S",
        "STANDARD_CONCEPT_CAPTION": "Standard",
        "VOCABULARY_ID": "RxNorm",
        "VALID_START_DATE": "2009-08-01",
        "VALID_END_DATE": "2099-12-30"
      },
      "isExcluded": false,
      "includeDescendants": false,
      "includeMapped": false
    },
    {
      "concept": {
        "CONCEPT_CLASS_ID": "Branded Drug Form",
        "CONCEPT_CODE": "855815",
        "CONCEPT_ID": 40163728,
        "CONCEPT_NAME": "prasugrel Oral Tablet [Effient]",
        "DOMAIN_ID": "Drug",
        "INVALID_REASON": "V",
        "INVALID_REASON_CAPTION": "Valid",
        "STANDARD_CONCEPT": "S",
        "STANDARD_CONCEPT_CAPTION": "Standard",
        "VOCABULARY_ID": "RxNorm",
        "VALID_START_DATE": "2009-08-01",
        "VALID_END_DATE": "2099-12-30"
      },
      "isExcluded": false,
      "includeDescendants": false,
      "includeMapped": false
    },
    {
      "concept": {
        "CONCEPT_CLASS_ID": "Clinical Dose Group",
        "CONCEPT_CODE": "1165746",
        "CONCEPT_ID": 36220899,
        "CONCEPT_NAME": "prasugrel Pill",
        "DOMAIN_ID": "Drug",
        "INVALID_REASON": "V",
        "INVALID_REASON_CAPTION": "Valid",
        "STANDARD_CONCEPT": "C",
        "STANDARD_CONCEPT_CAPTION": "Classification",
        "VOCABULARY_ID": "RxNorm",
        "VALID_START_DATE": "2016-07-31",
        "VALID_END_DATE": "2099-12-30"
      },
      "isExcluded": false,
      "includeDescendants": false,
      "includeMapped": false
    }
  ]
}
