{
  "items": [
    {
      "concept": {
        "CONCEPT_CLASS_ID": "Observable Entity",
        "CONCEPT_CODE": "164931005",
        "CONCEPT_ID": 4064882,
        "CONCEPT_NAME": "ST elevation",
        "DOMAIN_ID": "Measurement",
        "INVALID_REASON": "V",
        "INVALID_REASON_CAPTION": "Valid",
        "STANDARD_CONCEPT": "S",
        "STANDARD_CONCEPT_CAPTION": "Standard",
        "VOCABULARY_ID": "SNOMED",
        "VALID_START_DATE": "2002-01-30",
        "VALID_END_DATE": "2099-12-30"
      },
      "isExcluded": false,
      "includeDescendants": false,
      "includeMapped": false
    }
  ]
}
