{
  "items": [
    {
      "concept": {
        "CONCEPT_CLASS_ID": "Clinical Observation",
        "CONCEPT_CODE": "87706-8",
        "CONCEPT_ID": 36304105,
        "CONCEPT_NAME": "Laboratory device Detection limit",
        "DOMAIN_ID": "Measurement",
        "INVALID_REASON": "V",
        "INVALID_REASON_CAPTION": "Valid",
        "STANDARD_CONCEPT": "S",
        "STANDARD_CONCEPT_CAPTION": "Standard",
        "VOCABULARY_ID": "LOINC",
        "VALID_START_DATE": "2018-06-14",
        "VALID_END_DATE": "2099-12-30"
      },
      "isExcluded": false,
      "includeDescendants": false,
      "includeMapped": false
    },
    {
      "concept": {
        "CONCEPT_CLASS_ID": "Clinical Observation",
        "CONCEPT_CODE": "89581-3",
        "CONCEPT_ID": 36306083,
        "CONCEPT_NAME": "Laboratory device 99th percentile URL",
        "DOMAIN_ID": "Measurement",
        "INVALID_REASON": "V",
        "INVALID_REASON_CAPTION": "Valid",
        "STANDARD_CONCEPT": "S",
        "STANDARD_CONCEPT_CAPTION": "Standard",
        "VOCABULARY_ID": "LOINC",
        "VALID_START_DATE": "2018-06-14",
        "VALID_END_DATE": "2099-12-30"
      },
      "isExcluded": false,
      "includeDescendants": false,
      "includeMapped": false
    },
    {
      "concept": {
        "CONCEPT_CLASS_ID": "Clinical Observation",
        "CONCEPT_CODE": "89580-5",
        "CONCEPT_ID": 36304551,
        "CONCEPT_NAME": "Laboratory device Coefficient of variation at 99th percentile URL",
        "DOMAIN_ID": "Measurement",
        "INVALID_REASON": "V",
        "INVALID_REASON_CAPTION": "Valid",
        "STANDARD_CONCEPT": "S",
        "STANDARD_CONCEPT_CAPTION": "Standard",
        "VOCABULARY_ID": "LOINC",
        "VALID_START_DATE": "2018-06-14",
        "VALID_END_DATE": "2099-12-30"
      },
      "isExcluded": false,
      "includeDescendants": false,
      "includeMapped": false
    },
    {
      "concept": {
        "CONCEPT_CLASS_ID": "Lab Test",
        "CONCEPT_CODE": "89579-7",
        "CONCEPT_ID": 36306105,
        "CONCEPT_NAME": "Troponin I.cardiac [Mass/volume] in Serum or Plasma by High sensitivity method",
        "DOMAIN_ID": "Measurement",
        "INVALID_REASON": "V",
        "INVALID_REASON_CAPTION": "Valid",
        "STANDARD_CONCEPT": "S",
        "STANDARD_CONCEPT_CAPTION": "Standard",
        "VOCABULARY_ID": "LOINC",
        "VALID_START_DATE": "2018-06-14",
        "VALID_END_DATE": "2099-12-30"
      },
      "isExcluded": false,
      "includeDescendants": false,
      "includeMapped": false
    },
    {
      "concept": {
        "CONCEPT_CLASS_ID": "Lab Test",
        "CONCEPT_CODE": "89578-9",
        "CONCEPT_ID": 36304114,
        "CONCEPT_NAME": "Troponin I.cardiac [Interpretation] in Serum or Plasma Qualitative by High sensitivity method",
        "DOMAIN_ID": "Measurement",
        "INVALID_REASON": "V",
        "INVALID_REASON_CAPTION": "Valid",
        "STANDARD_CONCEPT": "S",
        "STANDARD_CONCEPT_CAPTION": "Standard",
        "VOCABULARY_ID": "LOINC",
        "VALID_START_DATE": "2018-06-14",
        "VALID_END_DATE": "2099-12-30"
      },
      "isExcluded": false,
      "includeDescendants": false,
      "includeMapped": false
    },
    {
      "concept": {
        "CONCEPT_CLASS_ID": "Lab Test",
        "CONCEPT_CODE": "89578-9",
        "CONCEPT_ID": 36304114,
        "CONCEPT_NAME": "Troponin I.cardiac [Interpretation] in Serum or Plasma Qualitative by High sensitivity method",
        "DOMAIN_ID": "Measurement",
        "INVALID_REASON": "V",
        "INVALID_REASON_CAPTION": "Valid",
        "STANDARD_CONCEPT": "S",
        "STANDARD_CONCEPT_CAPTION": "Standard",
        "VOCABULARY_ID": "LOINC",
        "VALID_START_DATE": "2018-06-14",
        "VALID_END_DATE": "2099-12-30"
      },
      "isExcluded": false,
      "includeDescendants": false,
      "includeMapped": false
    },
    {
      "concept": {
        "CONCEPT_CLASS_ID": "Lab Test",
        "CONCEPT_CODE": "42757-5",
        "CONCEPT_ID": 3033745,
        "CONCEPT_NAME": "Troponin I.cardiac [Mass/volume] in Blood",
        "DOMAIN_ID": "Measurement",
        "INVALID_REASON": "V",
        "INVALID_REASON_CAPTION": "Valid",
        "STANDARD_CONCEPT": "S",
        "STANDARD_CONCEPT_CAPTION": "Standard",
        "VOCABULARY_ID": "LOINC",
        "VALID_START_DATE": "2005-10-18",
        "VALID_END_DATE": "2099-12-30"
      },
      "isExcluded": false,
      "includeDescendants": false,
      "includeMapped": false
    },
    {
      "concept": {
        "CONCEPT_CLASS_ID": "Lab Test",
        "CONCEPT_CODE": "10839-9",
        "CONCEPT_ID": 3021337,
        "CONCEPT_NAME": "Troponin I.cardiac [Mass/volume] in Serum or Plasma",
        "DOMAIN_ID": "Measurement",
        "INVALID_REASON": "V",
        "INVALID_REASON_CAPTION": "Valid",
        "STANDARD_CONCEPT": "S",
        "STANDARD_CONCEPT_CAPTION": "Standard",
        "VOCABULARY_ID": "LOINC",
        "VALID_START_DATE": "1969-12-31",
        "VALID_END_DATE": "2099-12-30"
      },
      "isExcluded": false,
      "includeDescendants": false,
      "includeMapped": false
    },
    {
      "concept": {
        "CONCEPT_CLASS_ID": "Lab Test",
        "CONCEPT_CODE": "89579-7",
        "CONCEPT_ID": 36306105,
        "CONCEPT_NAME": "Troponin I.cardiac [Mass/volume] in Serum or Plasma by High sensitivity method",
        "DOMAIN_ID": "Measurement",
        "INVALID_REASON": "V",
        "INVALID_REASON_CAPTION": "Valid",
        "STANDARD_CONCEPT": "S",
        "STANDARD_CONCEPT_CAPTION": "Standard",
        "VOCABULARY_ID": "LOINC",
        "VALID_START_DATE": "2018-06-14",
        "VALID_END_DATE": "2099-12-30"
      },
      "isExcluded": false,
      "includeDescendants": false,
      "includeMapped": false
    },
    {
      "concept": {
        "CONCEPT_CLASS_ID": "Lab Test",
        "CONCEPT_CODE": "89577-1",
        "CONCEPT_ID": 36305612,
        "CONCEPT_NAME": "Troponin I.cardiac panel - Serum or Plasma by High sensitivity method",
        "DOMAIN_ID": "Measurement",
        "INVALID_REASON": "V",
        "INVALID_REASON_CAPTION": "Valid",
        "STANDARD_CONCEPT": "S",
        "STANDARD_CONCEPT_CAPTION": "Standard",
        "VOCABULARY_ID": "LOINC",
        "VALID_START_DATE": "2018-06-14",
        "VALID_END_DATE": "2099-12-30"
      },
      "isExcluded": false,
      "includeDescendants": false,
      "includeMapped": false
    },
    {
      "concept": {
        "CONCEPT_CLASS_ID": "Lab Test",
        "CONCEPT_CODE": "76399-5",
        "CONCEPT_ID": 46235895,
        "CONCEPT_NAME": "Troponin I.cardiac [Presence] in Serum, Plasma or Blood by Rapid immunoassay",
        "DOMAIN_ID": "Measurement",
        "INVALID_REASON": "V",
        "INVALID_REASON_CAPTION": "Valid",
        "STANDARD_CONCEPT": "S",
        "STANDARD_CONCEPT_CAPTION": "Standard",
        "VOCABULARY_ID": "LOINC",
        "VALID_START_DATE": "2015-05-07",
        "VALID_END_DATE": "2099-12-30"
      },
      "isExcluded": false,
      "includeDescendants": false,
      "includeMapped": false
    },
    {
      "concept": {
        "CONCEPT_CLASS_ID": "Lab Test",
        "CONCEPT_CODE": "16255-2",
        "CONCEPT_ID": 3005227,
        "CONCEPT_NAME": "Troponin I.cardiac [Units/volume] in Serum or Plasma",
        "DOMAIN_ID": "Measurement",
        "INVALID_REASON": "U",
        "INVALID_REASON_CAPTION": "Invalid",
        "STANDARD_CONCEPT": "N",
        "STANDARD_CONCEPT_CAPTION": "Non-Standard",
        "VOCABULARY_ID": "LOINC",
        "VALID_START_DATE": "2015-06-27",
        "VALID_END_DATE": "2015-06-28"
      },
      "isExcluded": false,
      "includeDescendants": false,
      "includeMapped": false
    },
    {
      "concept": {
        "CONCEPT_CLASS_ID": "Lab Test",
        "CONCEPT_CODE": "89575-5",
        "CONCEPT_ID": 36304662,
        "CONCEPT_NAME": "Troponin T.cardiac [Interpretation] in Serum or Plasma Qualitative by High sensitivity method",
        "DOMAIN_ID": "Measurement",
        "INVALID_REASON": "V",
        "INVALID_REASON_CAPTION": "Valid",
        "STANDARD_CONCEPT": "S",
        "STANDARD_CONCEPT_CAPTION": "Standard",
        "VOCABULARY_ID": "LOINC",
        "VALID_START_DATE": "2018-06-14",
        "VALID_END_DATE": "2099-12-30"
      },
      "isExcluded": false,
      "includeDescendants": false,
      "includeMapped": false
    },
    {
      "concept": {
        "CONCEPT_CLASS_ID": "Lab Test",
        "CONCEPT_CODE": "48425-3",
        "CONCEPT_ID": 3048529,
        "CONCEPT_NAME": "Troponin T.cardiac [Mass/volume] in Blood",
        "DOMAIN_ID": "Measurement",
        "INVALID_REASON": "V",
        "INVALID_REASON_CAPTION": "Valid",
        "STANDARD_CONCEPT": "S",
        "STANDARD_CONCEPT_CAPTION": "Standard",
        "VOCABULARY_ID": "LOINC",
        "VALID_START_DATE": "2007-02-11",
        "VALID_END_DATE": "2099-12-30"
      },
      "isExcluded": false,
      "includeDescendants": false,
      "includeMapped": false
    },
    {
      "concept": {
        "CONCEPT_CLASS_ID": "Lab Test",
        "CONCEPT_CODE": "6598-7",
        "CONCEPT_ID": 3019800,
        "CONCEPT_NAME": "Troponin T.cardiac [Mass/volume] in Serum or Plasma",
        "DOMAIN_ID": "Measurement",
        "INVALID_REASON": "V",
        "INVALID_REASON_CAPTION": "Valid",
        "STANDARD_CONCEPT": "S",
        "STANDARD_CONCEPT_CAPTION": "Standard",
        "VOCABULARY_ID": "LOINC",
        "VALID_START_DATE": "1969-12-31",
        "VALID_END_DATE": "2099-12-30"
      },
      "isExcluded": false,
      "includeDescendants": false,
      "includeMapped": false
    },
    {
      "concept": {
        "CONCEPT_CLASS_ID": "Lab Test",
        "CONCEPT_CODE": "67151-1",
        "CONCEPT_ID": 40769783,
        "CONCEPT_NAME": "Troponin T.cardiac [Mass/volume] in Serum or Plasma by High sensitivity method",
        "DOMAIN_ID": "Measurement",
        "INVALID_REASON": "V",
        "INVALID_REASON_CAPTION": "Valid",
        "STANDARD_CONCEPT": "S",
        "STANDARD_CONCEPT_CAPTION": "Standard",
        "VOCABULARY_ID": "LOINC",
        "VALID_START_DATE": "2011-07-04",
        "VALID_END_DATE": "2099-12-30"
      },
      "isExcluded": false,
      "includeDescendants": false,
      "includeMapped": false
    },
    {
      "concept": {
        "CONCEPT_CLASS_ID": "Lab Test",
        "CONCEPT_CODE": "6597-9",
        "CONCEPT_ID": 3019572,
        "CONCEPT_NAME": "Troponin T.cardiac [Mass/volume] in Venous blood",
        "DOMAIN_ID": "Measurement",
        "INVALID_REASON": "V",
        "INVALID_REASON_CAPTION": "Valid",
        "STANDARD_CONCEPT": "S",
        "STANDARD_CONCEPT_CAPTION": "Standard",
        "VOCABULARY_ID": "LOINC",
        "VALID_START_DATE": "1969-12-31",
        "VALID_END_DATE": "2099-12-30"
      },
      "isExcluded": false,
      "includeDescendants": false,
      "includeMapped": false
    },
    {
      "concept": {
        "CONCEPT_CLASS_ID": "Lab Test",
        "CONCEPT_CODE": "89576-3",
        "CONCEPT_ID": 36303871,
        "CONCEPT_NAME": "Troponin T.cardiac panel - Serum or Plasma by High sensitivity method",
        "DOMAIN_ID": "Measurement",
        "INVALID_REASON": "V",
        "INVALID_REASON_CAPTION": "Valid",
        "STANDARD_CONCEPT": "S",
        "STANDARD_CONCEPT_CAPTION": "Standard",
        "VOCABULARY_ID": "LOINC",
        "VALID_START_DATE": "2018-06-14",
        "VALID_END_DATE": "2099-12-30"
      },
      "isExcluded": false,
      "includeDescendants": false,
      "includeMapped": false
    },
    {
      "concept": {
        "CONCEPT_CLASS_ID": "Lab Test",
        "CONCEPT_CODE": "48426-1",
        "CONCEPT_ID": 3052931,
        "CONCEPT_NAME": "Troponin T.cardiac [Presence] in Blood",
        "DOMAIN_ID": "Measurement",
        "INVALID_REASON": "V",
        "INVALID_REASON_CAPTION": "Valid",
        "STANDARD_CONCEPT": "S",
        "STANDARD_CONCEPT_CAPTION": "Standard",
        "VOCABULARY_ID": "LOINC",
        "VALID_START_DATE": "2007-02-11",
        "VALID_END_DATE": "2099-12-30"
      },
      "isExcluded": false,
      "includeDescendants": false,
      "includeMapped": false
    },
    {
      "concept": {
        "CONCEPT_CLASS_ID": "Lab Test",
        "CONCEPT_CODE": "33204-9",
        "CONCEPT_ID": 3042837,
        "CONCEPT_NAME": "Troponin T.cardiac [Presence] in Serum or Plasma",
        "DOMAIN_ID": "Measurement",
        "INVALID_REASON": "V",
        "INVALID_REASON_CAPTION": "Valid",
        "STANDARD_CONCEPT": "S",
        "STANDARD_CONCEPT_CAPTION": "Standard",
        "VOCABULARY_ID": "LOINC",
        "VALID_START_DATE": "2002-11-10",
        "VALID_END_DATE": "2099-12-30"
      },
      "isExcluded": false,
      "includeDescendants": false,
      "includeMapped": false
    },
    {
      "concept": {
        "CONCEPT_CLASS_ID": "Observable Entity",
        "CONCEPT_CODE": "1106461000000104",
        "CONCEPT_ID": 37208543,
        "CONCEPT_NAME": "Cardiac troponin I mass concentration in plasma",
        "DOMAIN_ID": "Measurement",
        "INVALID_REASON": "V",
        "INVALID_REASON_CAPTION": "Valid",
        "STANDARD_CONCEPT": "S",
        "STANDARD_CONCEPT_CAPTION": "Standard",
        "VOCABULARY_ID": "SNOMED",
        "VALID_START_DATE": "2019-05-31",
        "VALID_END_DATE": "2099-12-30"
      },
      "isExcluded": false,
      "includeDescendants": false,
      "includeMapped": false
    },
    {
      "concept": {
        "CONCEPT_CLASS_ID": "Observable Entity",
        "CONCEPT_CODE": "1106471000000106",
        "CONCEPT_ID": 37208544,
        "CONCEPT_NAME": "Cardiac troponin I mass concentration in serum",
        "DOMAIN_ID": "Measurement",
        "INVALID_REASON": "V",
        "INVALID_REASON_CAPTION": "Valid",
        "STANDARD_CONCEPT": "S",
        "STANDARD_CONCEPT_CAPTION": "Standard",
        "VOCABULARY_ID": "SNOMED",
        "VALID_START_DATE": "2019-05-31",
        "VALID_END_DATE": "2099-12-30"
      },
      "isExcluded": false,
      "includeDescendants": false,
      "includeMapped": false
    },
    {
      "concept": {
        "CONCEPT_CLASS_ID": "Observable Entity",
        "CONCEPT_CODE": "1106481000000108",
        "CONCEPT_ID": 37208545,
        "CONCEPT_NAME": "Cardiac troponin I mass concentration in serum by high sensitivity technique",
        "DOMAIN_ID": "Measurement",
        "INVALID_REASON": "V",
        "INVALID_REASON_CAPTION": "Valid",
        "STANDARD_CONCEPT": "S",
        "STANDARD_CONCEPT_CAPTION": "Standard",
        "VOCABULARY_ID": "SNOMED",
        "VALID_START_DATE": "2019-05-31",
        "VALID_END_DATE": "2099-12-30"
      },
      "isExcluded": false,
      "includeDescendants": false,
      "includeMapped": false
    },
    {
      "concept": {
        "CONCEPT_CLASS_ID": "Observable Entity",
        "CONCEPT_CODE": "1106491000000105",
        "CONCEPT_ID": 37208546,
        "CONCEPT_NAME": "Cardiac troponin T mass concentration in serum by high sensitivity technique",
        "DOMAIN_ID": "Measurement",
        "INVALID_REASON": "V",
        "INVALID_REASON_CAPTION": "Valid",
        "STANDARD_CONCEPT": "S",
        "STANDARD_CONCEPT_CAPTION": "Standard",
        "VOCABULARY_ID": "SNOMED",
        "VALID_START_DATE": "2019-05-31",
        "VALID_END_DATE": "2099-12-30"
      },
      "isExcluded": false,
      "includeDescendants": false,
      "includeMapped": false
    },
    {
      "concept": {
        "CONCEPT_CLASS_ID": "Observable Entity",
        "CONCEPT_CODE": "1001251000000101",
        "CONCEPT_ID": 37398480,
        "CONCEPT_NAME": "Plasma troponin I level",
        "DOMAIN_ID": "Measurement",
        "INVALID_REASON": "V",
        "INVALID_REASON_CAPTION": "Valid",
        "STANDARD_CONCEPT": "S",
        "STANDARD_CONCEPT_CAPTION": "Standard",
        "VOCABULARY_ID": "SNOMED",
        "VALID_START_DATE": "2016-03-31",
        "VALID_END_DATE": "2099-12-30"
      },
      "isExcluded": false,
      "includeDescendants": false,
      "includeMapped": false
    },
    {
      "concept": {
        "CONCEPT_CLASS_ID": "Observable Entity",
        "CONCEPT_CODE": "1003361000000108",
        "CONCEPT_ID": 37392380,
        "CONCEPT_NAME": "Plasma troponin T level",
        "DOMAIN_ID": "Measurement",
        "INVALID_REASON": "V",
        "INVALID_REASON_CAPTION": "Valid",
        "STANDARD_CONCEPT": "S",
        "STANDARD_CONCEPT_CAPTION": "Standard",
        "VOCABULARY_ID": "SNOMED",
        "VALID_START_DATE": "2016-03-31",
        "VALID_END_DATE": "2099-12-30"
      },
      "isExcluded": false,
      "includeDescendants": false,
      "includeMapped": false
    },
    {
      "concept": {
        "CONCEPT_CLASS_ID": "Observable Entity",
        "CONCEPT_CODE": "1083801000000101",
        "CONCEPT_ID": 35609600,
        "CONCEPT_NAME": "Serum cardiac troponin T concentration",
        "DOMAIN_ID": "Measurement",
        "INVALID_REASON": "V",
        "INVALID_REASON_CAPTION": "Valid",
        "STANDARD_CONCEPT": "S",
        "STANDARD_CONCEPT_CAPTION": "Standard",
        "VOCABULARY_ID": "SNOMED",
        "VALID_START_DATE": "2017-09-30",
        "VALID_END_DATE": "2099-12-30"
      },
      "isExcluded": false,
      "includeDescendants": false,
      "includeMapped": false
    },
    {
      "concept": {
        "CONCEPT_CLASS_ID": "Observable Entity",
        "CONCEPT_CODE": "1001271000000105",
        "CONCEPT_ID": 37392221,
        "CONCEPT_NAME": "Serum troponin I level",
        "DOMAIN_ID": "Measurement",
        "INVALID_REASON": "V",
        "INVALID_REASON_CAPTION": "Valid",
        "STANDARD_CONCEPT": "S",
        "STANDARD_CONCEPT_CAPTION": "Standard",
        "VOCABULARY_ID": "SNOMED",
        "VALID_START_DATE": "2016-03-31",
        "VALID_END_DATE": "2099-12-30"
      },
      "isExcluded": false,
      "includeDescendants": false,
      "includeMapped": false
    },
    {
      "concept": {
        "CONCEPT_CLASS_ID": "Observable Entity",
        "CONCEPT_CODE": "1015261000000102",
        "CONCEPT_ID": 37393304,
        "CONCEPT_NAME": "Serum troponin T level",
        "DOMAIN_ID": "Measurement",
        "INVALID_REASON": "V",
        "INVALID_REASON_CAPTION": "Valid",
        "STANDARD_CONCEPT": "S",
        "STANDARD_CONCEPT_CAPTION": "Standard",
        "VOCABULARY_ID": "SNOMED",
        "VALID_START_DATE": "2016-03-31",
        "VALID_END_DATE": "2099-12-30"
      },
      "isExcluded": false,
      "includeDescendants": false,
      "includeMapped": false
    },
    {
      "concept": {
        "CONCEPT_CLASS_ID": "Read",
        "CONCEPT_CODE": "4Q3L.00",
        "CONCEPT_ID": 45492135,
        "CONCEPT_NAME": "High sensitivity cardiac troponin T level",
        "DOMAIN_ID": "Measurement",
        "INVALID_REASON": "V",
        "INVALID_REASON_CAPTION": "Valid",
        "STANDARD_CONCEPT": "N",
        "STANDARD_CONCEPT_CAPTION": "Non-Standard",
        "VOCABULARY_ID": "Read",
        "VALID_START_DATE": "2014-03-31",
        "VALID_END_DATE": "2099-12-30"
      },
      "isExcluded": false,
      "includeDescendants": false,
      "includeMapped": false
    },
    {
      "concept": {
        "CONCEPT_CLASS_ID": "Read",
        "CONCEPT_CODE": "44ME.00",
        "CONCEPT_ID": 45478735,
        "CONCEPT_NAME": "Plasma troponin I level",
        "DOMAIN_ID": "Measurement",
        "INVALID_REASON": "V",
        "INVALID_REASON_CAPTION": "Valid",
        "STANDARD_CONCEPT": "N",
        "STANDARD_CONCEPT_CAPTION": "Non-Standard",
        "VOCABULARY_ID": "Read",
        "VALID_START_DATE": "1969-12-31",
        "VALID_END_DATE": "2099-12-30"
      },
      "isExcluded": false,
      "includeDescendants": false,
      "includeMapped": false
    },
    {
      "concept": {
        "CONCEPT_CLASS_ID": "Read",
        "CONCEPT_CODE": "44MH.00",
        "CONCEPT_ID": 45435276,
        "CONCEPT_NAME": "Plasma troponin T level",
        "DOMAIN_ID": "Measurement",
        "INVALID_REASON": "V",
        "INVALID_REASON_CAPTION": "Valid",
        "STANDARD_CONCEPT": "N",
        "STANDARD_CONCEPT_CAPTION": "Non-Standard",
        "VOCABULARY_ID": "Read",
        "VALID_START_DATE": "1969-12-31",
        "VALID_END_DATE": "2099-12-30"
      },
      "isExcluded": false,
      "includeDescendants": false,
      "includeMapped": false
    },
    {
      "concept": {
        "CONCEPT_CLASS_ID": "Read",
        "CONCEPT_CODE": "44MG.00",
        "CONCEPT_ID": 45505216,
        "CONCEPT_NAME": "Serum troponin I level",
        "DOMAIN_ID": "Measurement",
        "INVALID_REASON": "V",
        "INVALID_REASON_CAPTION": "Valid",
        "STANDARD_CONCEPT": "N",
        "STANDARD_CONCEPT_CAPTION": "Non-Standard",
        "VOCABULARY_ID": "Read",
        "VALID_START_DATE": "1969-12-31",
        "VALID_END_DATE": "2099-12-30"
      },
      "isExcluded": false,
      "includeDescendants": false,
      "includeMapped": false
    },
    {
      "concept": {
        "CONCEPT_CLASS_ID": "Read",
        "CONCEPT_CODE": "44MC.00",
        "CONCEPT_ID": 45461935,
        "CONCEPT_NAME": "Serum troponin T level",
        "DOMAIN_ID": "Measurement",
        "INVALID_REASON": "V",
        "INVALID_REASON_CAPTION": "Valid",
        "STANDARD_CONCEPT": "N",
        "STANDARD_CONCEPT_CAPTION": "Non-Standard",
        "VOCABULARY_ID": "Read",
        "VALID_START_DATE": "1969-12-31",
        "VALID_END_DATE": "2099-12-30"
      },
      "isExcluded": false,
      "includeDescendants": false,
      "includeMapped": false
    },
    {
      "concept": {
        "CONCEPT_CLASS_ID": "Read",
        "CONCEPT_CODE": "4Q3L.00",
        "CONCEPT_ID": 45492135,
        "CONCEPT_NAME": "High sensitivity cardiac troponin T level",
        "DOMAIN_ID": "Measurement",
        "INVALID_REASON": "V",
        "INVALID_REASON_CAPTION": "Valid",
        "STANDARD_CONCEPT": "N",
        "STANDARD_CONCEPT_CAPTION": "Non-Standard",
        "VOCABULARY_ID": "Read",
        "VALID_START_DATE": "2014-03-31",
        "VALID_END_DATE": "2099-12-30"
      },
      "isExcluded": false,
      "includeDescendants": false,
      "includeMapped": false
    },
    {
      "concept": {
        "CONCEPT_CLASS_ID": "Read",
        "CONCEPT_CODE": "44ME.00",
        "CONCEPT_ID": 45478735,
        "CONCEPT_NAME": "Plasma troponin I level",
        "DOMAIN_ID": "Measurement",
        "INVALID_REASON": "V",
        "INVALID_REASON_CAPTION": "Valid",
        "STANDARD_CONCEPT": "N",
        "STANDARD_CONCEPT_CAPTION": "Non-Standard",
        "VOCABULARY_ID": "Read",
        "VALID_START_DATE": "1969-12-31",
        "VALID_END_DATE": "2099-12-30"
      },
      "isExcluded": false,
      "includeDescendants": false,
      "includeMapped": false
    },
    {
      "concept": {
        "CONCEPT_CLASS_ID": "Read",
        "CONCEPT_CODE": "44MH.00",
        "CONCEPT_ID": 45435276,
        "CONCEPT_NAME": "Plasma troponin T level",
        "DOMAIN_ID": "Measurement",
        "INVALID_REASON": "V",
        "INVALID_REASON_CAPTION": "Valid",
        "STANDARD_CONCEPT": "N",
        "STANDARD_CONCEPT_CAPTION": "Non-Standard",
        "VOCABULARY_ID": "Read",
        "VALID_START_DATE": "1969-12-31",
        "VALID_END_DATE": "2099-12-30"
      },
      "isExcluded": false,
      "includeDescendants": false,
      "includeMapped": false
    },
    {
      "concept": {
        "CONCEPT_CLASS_ID": "Read",
        "CONCEPT_CODE": "44MG.00",
        "CONCEPT_ID": 45505216,
        "CONCEPT_NAME": "Serum troponin I level",
        "DOMAIN_ID": "Measurement",
        "INVALID_REASON": "V",
        "INVALID_REASON_CAPTION": "Valid",
        "STANDARD_CONCEPT": "N",
        "STANDARD_CONCEPT_CAPTION": "Non-Standard",
        "VOCABULARY_ID": "Read",
        "VALID_START_DATE": "1969-12-31",
        "VALID_END_DATE": "2099-12-30"
      },
      "isExcluded": false,
      "includeDescendants": false,
      "includeMapped": false
    },
    {
      "concept": {
        "CONCEPT_CLASS_ID": "Read",
        "CONCEPT_CODE": "44MC.00",
        "CONCEPT_ID": 45461935,
        "CONCEPT_NAME": "Serum troponin T level",
        "DOMAIN_ID": "Measurement",
        "INVALID_REASON": "V",
        "INVALID_REASON_CAPTION": "Valid",
        "STANDARD_CONCEPT": "N",
        "STANDARD_CONCEPT_CAPTION": "Non-Standard",
        "VOCABULARY_ID": "Read",
        "VALID_START_DATE": "1969-12-31",
        "VALID_END_DATE": "2099-12-30"
      },
      "isExcluded": false,
      "includeDescendants": false,
      "includeMapped": false
    }
  ]
}
